Workbook

Sheet report
A1: אורי אשתר | D1: פנדה טק בע"מ | H1: מל"מ
A2: 01.04.2026 - 30.04.2026 | F2: 113 | H2: חוזה עבודה למעט מלמ
A3: תאריך | B3: סוג | C3: כניסה | D3: יציאה | E3: סה"כ שעות | F3: הפסקה | G3: שעות משולמות | H3: תקן | I3: חוסר בתקן | J3: 100% | K3: 125% | L3: שעות עודף | M3: איחור | N3: אירוע | O3: הערה | P3: תוספת
A4: ד - 01 | B4: ערב חג | H4: 00:24 | I4: 00:24 | N4: ערב חג | O4: פסח-2
A5: ה - 02 | B5: חג | N5: חג | O5: פסח-1
A6: ו - 03 | B6: סופ"ש
A7: ש - 04 | B7: סופ"ש
A8: ס.שבועי | H8: 00:24 | I8: 00:24
A9: א - 05 | B9: חול המועד | N9: חול המועד
A10: ב - 06 | B10: חול המועד | N10: חול המועד
A11: ג - 07 | B11: ערב חג | H11: 00:24 | I11: 00:24 | N11: ערב חג | O11: פסח-2
A12: ד - 08 | B12: חג | N12: חג | O12: פסח-2
A13: ה - 09 | B13: יום חול | C13: 07:32 | D13: 16:28 | E13: 08:56 | F13: 00:30 | G13: 08:26 | H13: 08:24 | J13: 08:24 | K13: 00:02 | L13: 00:02 | M13: 00:32
A14: ו - 10 | B14: סופ"ש
A15: ש - 11 | B15: סופ"ש
A16: ס.שבועי | E16: 08:56 | F16: 00:30 | G16: 08:26 | H16: 08:48 | I16: 00:24 | J16: 08:24 | K16: 00:02 | L16: 00:02 | M16: 00:32
A17: א - 12 | B17: יום חול | C17: 07:46 | D17: 17:09 | E17: 09:23 | F17: 00:30 | G17: 08:53 | H17: 08:24 | J17: 08:24 | K17: 00:29 | L17: 00:29 | M17: 00:46
A18: ב - 13 | B18: יום חול | C18: 08:04 | D18: 16:48 | E18: 08:44 | F18: 00:30 | G18: 08:14 | H18: 08:24 | I18: 00:10 | J18: 08:14 | M18: 01:04
A19: ג - 14 | B19: יום חול | C19: 08:21 | D19: 17:26 | E19: 09:05 | F19: 00:30 | G19: 08:35 | H19: 08:24 | J19: 08:24 | K19: 00:11 | L19: 00:11 | M19: 01:21
A20: ד - 15 | B20: יום חול | C20: 10:37 | D20: 17:26 | E20: 06:49 | F20: 00:30 | G20: 06:19 | H20: 08:24 | I20: 02:05 | J20: 06:19 | M20: 03:37
A21: ה - 16 | B21: יום חול | C21: 08:09 | D21: 17:23 | E21: 09:14 | F21: 00:30 | G21: 08:44 | H21: 08:24 | J21: 08:24 | K21: 00:20 | L21: 00:20 | M21: 01:09
A22: ו - 17 | B22: סופ"ש
A23: ש - 18 | B23: סופ"ש
A24: ס.שבועי | E24: 43:15 | F24: 02:30 | G24: 40:45 | H24: 42:00 | I24: 02:15 | J24: 39:45 | K24: 01:00 | L24: 01:00 | M24: 07:57
A25: א - 19 | B25: יום חול | C25: 07:55 | D25: 16:41 | E25: 08:46 | F25: 00:30 | G25: 08:16 | H25: 08:24 | I25: 00:08 | J25: 08:16 | M25: 00:55
A26: ב - 20 | B26: יום חול | C26: 07:57 | D26: 16:09 | E26: 08:12 | F26: 00:30 | G26: 07:42 | H26: 01:24 | J26: 07:42 | L26: 06:18 | M26: 00:57
A27: ג - 21 | B27: ערב חג | H27: 07:24 | I27: 07:24 | N27: ערב חג | O27: זכרון+עצמאות
A28: ד - 22 | B28: חג | N28: חג | O28: זכרון+עצמאות
A29: ה - 23 | B29: יום חול | C29: 08:17 | D29: 17:14 | E29: 08:57 | F29: 00:30 | G29: 08:27 | H29: 08:24 | J29: 08:24 | K29: 00:03 | L29: 00:03 | M29: 01:17
A30: ו - 24 | B30: סופ"ש
A31: ש - 25 | B31: סופ"ש
A32: ס.שבועי | E32: 25:55 | F32: 01:30 | G32: 24:25 | H32: 25:36 | I32: 07:32 | J32: 24:22 | K32: 00:03 | L32: 06:21 | M32: 03:09
A33: א - 26 | B33: יום חול | C33: 08:07 | D33: 17:02 | E33: 08:55 | F33: 00:30 | G33: 08:25 | H33: 08:24 | J33: 08:24 | K33: 00:01 | L33: 00:01 | M33: 01:07
A34: ב - 27 | B34: יום חול | C34: 07:55 | D34: 17:17 | E34: 09:22 | F34: 00:30 | G34: 08:52 | H34: 08:24 | J34: 08:24 | K34: 00:28 | L34: 00:28 | M34: 00:55
A35: ג - 28 | B35: יום חול | C35: 08:12 | D35: 17:37 | E35: 09:25 | F35: 00:30 | G35: 08:55 | H35: 08:24 | J35: 08:24 | K35: 00:31 | L35: 00:31 | M35: 01:12
A36: ד - 29 | B36: יום חול | C36: 08:06 | D36: 17:13 | E36: 09:07 | F36: 00:30 | G36: 08:37 | H36: 08:24 | J36: 08:24 | K36: 00:13 | L36: 00:13 | M36: 01:06
A37: ה - 30 | B37: יום חול | C37: 08:14 | D37: 17:34 | E37: 09:20 | F37: 00:30 | G37: 08:50 | H37: 08:24 | J37: 08:24 | K37: 00:26 | L37: 00:26 | M37: 01:14
A38: חישוב יומי: שעות ודקות | E38: 124:15 | F38: 07:00 | G38: 117:15 | H38: 118:48 | I38: 10:35 | J38: 114:31 | K38: 02:44 | L38: 09:02 | M38: 17:12
A39: סיכום חודשי: שעות ודקות | E39: 124:15 | F39: 07:00 | G39: 117:15 | H39: 118:48 | I39: 01:33 | J39: 114:31 | K39: 02:44 | L39: 09:02 | M39: 17:12
A40: סיכום חודשי: עשרוני | E40: 124.25 | F40: 7 | G40: 117.25 | H40: 118.8 | I40: 1.55 | J40: 114.51 | K40: 2.73 | L40: 9.03 | M40: 17.2
A42: סיכום | E42: שעות לחישוב | I42: הצגת אירועים
A43: ימי נוכחות | C43: 14 | E43: 100% | G43: 114.51 | I43: חג | K43: 3
A44: ימים משולמים | C44: 22 | E44: 125% | G44: 2.73 | I44: ערב חג | K44: 3
A45: שעות נוכחות | C45: 124.25 | I45: חול המועד | K45: 2
A46: שעות תקן | C46: 118.8 | I46: חופש בע.חג | K46: 1.5
A47: שעות משולמות | C47: 117.25 | I47: חופש בחוה"מ | K47: 2
A48: שעות חוסר | C48: 10.58 | I48: חופשה לחיוב | K48: =K46+K47 -> 3.5
A49: הפחתה מדומה (ע.חג/חג) | C49: -0.8
A50: סה"כ חוסר מעודכן | C50: =C48+C49 -> 9.78
A51: הפסקה | C51: 7
A52: שעות עבודה במילואים | C52: {=IFERROR(SUMPRODUCT((ISNUMBER(SEARCH("מילואים",N4:N41))+ISNUMBER(SEARCH("מילואים",O4:O41))>0)*(C4:C41<>"")*(J4:J41+0))*24,0)} -> 0
A53: אורי דוד עברי | D53: פנדה טק בע"מ | H53: מל"מ
A54: 01.04.2026 - 30.04.2026 | F54: 118 | H54: מלמ-חוזה עבודה
A55: תאריך | B55: סוג | C55: כניסה | D55: יציאה | E55: סה"כ שעות | F55: הפסקה | G55: שעות משולמות | H55: תקן | I55: חוסר בתקן | J55: 100% | K55: 125% | L55: שעות עודף | M55: איחור | N55: אירוע | P55: תוספת
A56: ד - 01 | B56: ערב חג | H56: 00:30 | I56: 00:30 | N56: ערב חג | O56: פסח-2
A57: ה - 02 | B57: חג | N57: חג | O57: פסח-1
A58: ו - 03 | B58: סופ"ש
A59: ש - 04 | B59: סופ"ש
A60: ס.שבועי | H60: 00:30 | I60: 00:30
A61: א - 05 | B61: חול המועד | C61: 09:18 | D61: 17:37 | E61: 08:19 | G61: 08:19 | J61: 08:19
A62: ב - 06 | B62: חול המועד | C62: 11:03 | D62: 16:37 | E62: 05:34 | G62: 05:34 | J62: 05:34
A63: ג - 07 | B63: ערב חג | C63: 08:59 | D63: 12:37 | E63: 03:38 | F63: 00:30 | G63: 03:08 | H63: 00:30 | J63: 03:08 | L63: 02:38 | N63: ערב חג | O63: פסח-2
A64: ד - 08 | B64: חג | N64: חג | O64: פסח-2
A65: ה - 09 | B65: יום חול | N65: חופש
A66: ו - 10 | B66: סופ"ש
A67: ש - 11 | B67: סופ"ש
A68: ס.שבועי | E68: 17:31 | F68: 00:30 | G68: 17:01 | H68: 00:30 | J68: 17:01 | L68: 02:38
A69: א - 12 | B69: יום חול | C69: 10:17 | D69: 16:53 | E69: 06:36 | F69: 00:30 | G69: 06:06 | H69: 08:30 | I69: 02:24 | J69: 06:06 | M69: 03:17
A70: ב - 13 | B70: יום חול | C70: 08:48 | D70: 16:39 | E70: 07:51 | F70: 00:30 | G70: 07:21 | H70: 08:30 | I70: 01:09 | J70: 07:21 | M70: 01:48
A71: ג - 14 | B71: יום חול | C71: 09:34 | D71: 17:49 | E71: 08:15 | F71: 00:30 | G71: 07:45 | H71: 08:30 | I71: 00:45 | J71: 07:45 | M71: 02:34
A72: ד - 15 | B72: יום חול | N72: מילואים
A73: ה - 16 | B73: יום חול | H73: 08:30 | I73: 08:30
A74: ו - 17 | B74: סופ"ש
A75: ש - 18 | B75: סופ"ש
A76: ס.שבועי | E76: 22:42 | F76: 01:30 | G76: 21:12 | H76: 34:00 | I76: 12:48 | J76: 21:12 | M76: 07:39
A77: א - 19 | B77: יום חול | C77: 08:41 | D77: 18:06 | E77: 09:25 | F77: 00:30 | G77: 08:55 | H77: 08:30 | J77: 08:24 | K77: 00:31 | L77: 00:25 | M77: 01:41
A78: ב - 20 | B78: יום חול | C78: 06:58 | D78: 16:03 | E78: 09:05 | F78: 00:30 | G78: 08:35 | H78: 01:30 | J78: 08:24 | K78: 00:11 | L78: 07:05
A79: ג - 21 | B79: ערב חג | H79: 07:30 | I79: 07:30 | N79: ערב חג | O79: זכרון+עצמאות
A80: ד - 22 | B80: חג | N80: חג | O80: זכרון+עצמאות
A81: ה - 23 | B81: יום חול | H81: 08:30 | I81: 08:30
A82: ו - 24 | B82: סופ"ש
A83: ש - 25 | B83: סופ"ש
A84: ס.שבועי | E84: 18:30 | F84: 01:00 | G84: 17:30 | H84: 26:00 | I84: 16:00 | J84: 16:48 | K84: 00:42 | L84: 07:30 | M84: 01:41
A85: א - 26 | B85: יום חול | C85: 09:11 | D85: 12:21 | E85: 03:10 | G85: 03:10 | H85: 08:30 | I85: 05:20 | J85: 03:10 | M85: 02:11
A86: ב - 27 | B86: יום חול | C86: 08:51 | D86: 18:14 | E86: 09:23 | F86: 00:30 | G86: 08:53 | H86: 08:30 | J86: 08:24 | K86: 00:29 | L86: 00:23 | M86: 01:51
A87: ג - 28 | B87: יום חול | N87: מילואים
A88: ד - 29 | B88: יום חול | C88: 14:59 | D88: 18:04 | E88: 03:05 | G88: 03:05 | J88: 03:05 | M88: 07:59 | N88: מילואים
A89: ה - 30 | B89: יום חול | C89: 07:27 | D89: 11:16 | E89: 03:49 | G89: 03:49 | H89: 08:30 | I89: 00:21 | J89: 03:49 | M89: 00:27
A90: ה - 30 | B90: יום חול | C90: 13:20 | D90: 18:10 | E90: 04:50 | F90: 00:30 | G90: 04:20 | J90: 04:20
A91: חישוב יומי: שעות ודקות | E91: 83:00 | F91: 04:00 | G91: 79:00 | H91: 86:30 | I91: 34:59 | J91: 77:49 | K91: 01:11 | L91: 10:31 | M91: 21:48
A92: סיכום חודשי: שעות ודקות | E92: 83:00 | F92: 04:00 | G92: 79:00 | H92: 86:30 | I92: 07:30 | J92: 77:49 | K92: 01:11 | L92: 10:31 | M92: 21:48
A93: סיכום חודשי: עשרוני | E93: 83 | F93: 4 | G93: 79 | H93: 86.5 | I93: 7.5 | J93: 77.81 | K93: 1.18 | L93: 10.51 | M93: 21.8
A95: סיכום | E95: שעות לחישוב | I95: הצגת אירועים
A96: ימי נוכחות | C96: 12 | E96: 100% | G96: 77.81 | I96: חופש | K96: 1
A97: ימים משולמים | C97: 20 | E97: 125% | G97: 1.18 | I97: מילואים | K97: 3
A98: שעות נוכחות | C98: 83 | I98: חג | K98: 3
A99: שעות תקן | C99: 86.5 | I99: ערב חג | K99: 2
A100: שעות משולמות | C100: 79 | I100: חול המועד | K100: 2
A101: שעות חוסר | C101: 34.98 | I101: חופש בע.חג | K101: 1
A102: הפחתה מדומה (ע.חג/חג) | C102: -0.5 | I102: חופש בחוה"מ | K102: 0
...

Sheet Em_Index
A1: מספר עובד | B1: מספר זהות | C1: שם משפחה | D1: שם פרטי
A2: 1 | B2: 28718427 | C2: זהר | D2: בנימין
A3: 2 | B3: 31942915 | C3: לייבנזון | D3: אבישי
A4: 7 | B4: 69304962 | C4: ראש | D4: חיים
A5: 8 | B5: 59659250 | C5: אחדות | D5: דוד
A6: 11 | B6: 55308241 | C6: דביש | D6: לוי
A7: 22 | B7: 22996672 | C7: רחמנוב | D7: חגי אפרים
A8: 34 | B8: 22201347 | C8: שלמה | D8: יורם
A9: 41 | B9: 206092371 | C9: אולשנסקי | D9: דניאל
A10: 54 | B10: 28452837 | C10: לוי | D10: דוד
A11: 60 | B11: 24588790 | C11: בנג'יו | D11: אברהם
A12: 62 | B12: 308280510 | C12: לוי | D12: דור
A13: 64 | B13: 315536524 | C13: חנגל | D13: צחי
... A52: 127 | B52: 31743420 | C52: זמן | D52: שרון

Sheet נייר עבודה
A1: נייר עבודה - דינמי (נוסחאות מ-report)
A3: מס' עובד | B3: שם עובד | C3: ימי נוכחות | D3: ימים משולמים | E3: חופשה לחיוב | F3: ימי מחלה | G3: ימי מילואים | H3: סה"כ שעות (משולמות) | I3: שעות 100% | J3: שעות 125% | K3: שעות 150% | L3: שעות עבודה במילואים | M3: מחלה לקיזוז | N3: חל"ת | O3: היעדרות | P3: חג | Q3: ע.חג | R3: חוה"מ | S3: ת.עבודה | T3: חופש קיים | U3: צפוי | V3: פער
A4: 7 | B4: חיים ראש | C4: =report!C514 -> 12 | D4: =report!C515 -> 21 | E4: =IFERROR(INDEX(report!$K$513:$K$527,MATCH("חופשה לחיוב",report!$I$513:$I$527,0)),0) -> 4.5 | F4: =IFERROR(INDEX(report!$K$513:$K$527,MATCH("מחלה",report!$I$513:$I$527,0)),0) -> 0 | G4: =IFERROR(INDEX(report!$K$513:$K$527,MATCH("מילואים",report!$I$513:$I$527,0)),0) -> 0 | H4: =report!G511 -> 115.4 | I4: =report!J511 -> 100.05 | J4: =report!K511 -> 13.53 | K4: =report!L511 -> 1.81 | L4: =report!C523 -> 0 | M4: =IFERROR(INDEX(report!$K$513:$K$527,MATCH("מחלה לקיזוז",report!$I$513:$I$527,0)),0) -> 0 | N4: =IFERROR(INDEX(report!$K$513:$K$527,MATCH("חל""ת",report!$I$513:$I$527,0)),0) -> 0 | O4: =IFERROR(INDEX(report!$K$513:$K$527,MATCH("היעדרות",report!$I$513:$I$527,0)),0) -> 0 | P4: =IFERROR(INDEX(report!$K$513:$K$527,MATCH("חג",report!$I$513:$I$527,0)),0) -> 3 | Q4: =IFERROR(INDEX(report!$K$513:$K$527,MATCH("ערב חג",report!$I$513:$I$527,0)),0) -> 3 | R4: =IFERROR(INDEX(report!$K$513:$K$527,MATCH("חול המועד",report!$I$513:$I$527,0)),0) -> 2 | S4: =IFERROR(INDEX(report!$K$513:$K$527,MATCH("תאונת עבודה",report!$I$513:$I$527,0)),0) -> 0 | T4: =IFERROR(INDEX(report!$K$513:$K$527,MATCH("חופש",report!$I$513:$I$527,0)),0) -> 2 | U4: =22-M4-N4-O4 -> 22 | V4: =D4-U4 -> -1
A5: 8 | B5: דוד אחדות | C5: =report!C358 -> 12 | D5: =report!C359 -> 22 | E5: =IFERROR(INDEX(report!$K$357:$K$371,MATCH("חופשה לחיוב",report!$I$357:$I$371,0)),0) -> 5.5 | F5: =IFERROR(INDEX(report!$K$357:$K$371,MATCH("מחלה",report!$I$357:$I$371,0)),0) -> 0 | G5: =IFERROR(INDEX(report!$K$357:$K$371,MATCH("מילואים",report!$I$357:$I$371,0)),0) -> 0 | H5: =report!G355 -> 117.65 | I5: =report!J355 -> 100.58 | J5: =report!K355 -> 16.68 | K5: =report!L355 -> 0.38 | L5: =report!C367 -> 0 | M5: =IFERROR(INDEX(report!$K$357:$K$371,MATCH("מחלה לקיזוז",report!$I$357:$I$371,0)),0) -> 0 | N5: =IFERROR(INDEX(report!$K$357:$K$371,MATCH("חל""ת",report!$I$357:$I$371,0)),0) -> 0 | O5: =IFERROR(INDEX(report!$K$357:$K$371,MATCH("היעדרות",report!$I$357:$I$371,0)),0) -> 0 | P5: =IFERROR(INDEX(report!$K$357:$K$371,MATCH("חג",report!$I$357:$I$371,0)),0) -> 3 | Q5: =IFERROR(INDEX(report!$K$357:$K$371,MATCH("ערב חג",report!$I$357:$I$371,0)),0) -> 3 | R5: =IFERROR(INDEX(report!$K$357:$K$371,MATCH("חול המועד",report!$I$357:$I$371,0)),0) -> 2 | S5: =IFERROR(INDEX(report!$K$357:$K$371,MATCH("תאונת עבודה",report!$I$357:$I$371,0)),0) -> 0 | T5: =IFERROR(INDEX(report!$K$357:$K$371,MATCH("חופש",report!$I$357:$I$371,0)),0) -> 2 | U5: =22-M5-N5-O5 -> 22 | V5: =D5-U5 -> 0
A6: 11 | B6: לוי דביש | C6: =report!C566 -> 12 | D6: =report!C567 -> 20 | E6: =IFERROR(INDEX(report!$K$565:$K$579,MATCH("חופשה לחיוב",report!$I$565:$I$579,0)),0) -> 1.5 | F6: =IFERROR(INDEX(report!$K$565:$K$579,MATCH("מחלה",report!$I$565:$I$579,0)),0) -> 0 | G6: =IFERROR(INDEX(report!$K$565:$K$579,MATCH("מילואים",report!$I$565:$I$579,0)),0) -> 0 | H6: =report!G563 -> 76.98 | I6: =report!J563 -> 76.98 | J6: 0 | K6: 0 | L6: =report!C575 -> 0 | M6: =IFERROR(INDEX(report!$K$565:$K$579,MATCH("מחלה לקיזוז",report!$I$565:$I$579,0)),0) -> 0 | N6: =IFERROR(INDEX(report!$K$565:$K$579,MATCH("חל""ת",report!$I$565:$I$579,0)),0) -> 0 | O6: =IFERROR(INDEX(report!$K$565:$K$579,MATCH("היעדרות",report!$I$565:$I$579,0)),0) -> 2 | P6: =IFERROR(INDEX(report!$K$565:$K$579,MATCH("חג",report!$I$565:$I$579,0)),0) -> 3 | Q6: =IFERROR(INDEX(report!$K$565:$K$579,MATCH("ערב חג",report!$I$565:$I$579,0)),0) -> 3 | R6: =IFERROR(INDEX(report!$K$565:$K$579,MATCH("חול המועד",report!$I$565:$I$579,0)),0) -> 2 | S6: =IFERROR(INDEX(report!$K$565:$K$579,MATCH("תאונת עבודה",report!$I$565:$I$579,0)),0) -> 0 | T6: =IFERROR(INDEX(report!$K$565:$K$579,MATCH("חופש",report!$I$565:$I$579,0)),0) -> 0 | U6: =22-M6-N6-O6 -> 20 | V6: =D6-U6 -> 0
A7: 22 | B7: אפרים רחמנוב | C7: =report!C201 -> 14 | D7: =report!C202 -> 22 | E7: =IFERROR(INDEX(report!$K$200:$K$214,MATCH("חופשה לחיוב",report!$I$200:$I$214,0)),0) -> 3.5 | F7: =IFERROR(INDEX(report!$K$200:$K$214,MATCH("מחלה",report!$I$200:$I$214,0)),0) -> 0 | G7: =IFERROR(INDEX(report!$K$200:$K$214,MATCH("מילואים",report!$I$200:$I$214,0)),0) -> 0 | H7: =report!G198 -> 129.65 | I7: =report!J198 -> 115.7 | J7: =report!K198 -> 13.5 | K7: =report!L198 -> 0.45 | L7: =report!C210 -> 0 | M7: =IFERROR(INDEX(report!$K$200:$K$214,MATCH("מחלה לקיזוז",report!$I$200:$I$214,0)),0) -> 0 | N7: =IFERROR(INDEX(report!$K$200:$K$214,MATCH("חל""ת",report!$I$200:$I$214,0)),0) -> 0 | O7: =IFERROR(INDEX(report!$K$200:$K$214,MATCH("היעדרות",report!$I$200:$I$214,0)),0) -> 0 | P7: =IFERROR(INDEX(report!$K$200:$K$214,MATCH("חג",report!$I$200:$I$214,0)),0) -> 3 | Q7: =IFERROR(INDEX(report!$K$200:$K$214,MATCH("ערב חג",report!$I$200:$I$214,0)),0) -> 3 | R7: =IFERROR(INDEX(report!$K$200:$K$214,MATCH("חול המועד",report!$I$200:$I$214,0)),0) -> 0 | S7: =IFERROR(INDEX(report!$K$200:$K$214,MATCH("תאונת עבודה",report!$I$200:$I$214,0)),0) -> 0 | T7: =IFERROR(INDEX(report!$K$200:$K$214,MATCH("חופש",report!$I$200:$I$214,0)),0) -> 2 | U7: =22-M7-N7-O7 -> 22 | V7: =D7-U7 -> 0
A8: 54 | B8: דוד לוי | C8: =report!C1142 -> 10 | D8: =report!C1143 -> 18 | E8: =IFERROR(INDEX(report!$K$1141:$K$1155,MATCH("חופשה לחיוב",report!$I$1141:$I$1155,0)),0) -> 4 | F8: =IFERROR(INDEX(report!$K$1141:$K$1155,MATCH("מחלה",report!$I$1141:$I$1155,0)),0) -> 4 | G8: =IFERROR(INDEX(report!$K$1141:$K$1155,MATCH("מילואים",report!$I$1141:$I$1155,0)),0) -> 0 | H8: =report!G1139 -> 69.86 | I8: =report!J1139 -> 67.13 | J8: =report!K1139 -> 2.38 | K8: =report!L1139 -> 0.35 | L8: =report!C1151 -> 0 | M8: =IFERROR(INDEX(report!$K$1141:$K$1155,MATCH("מחלה לקיזוז",report!$I$1141:$I$1155,0)),0) -> 2 | N8: =IFERROR(INDEX(report!$K$1141:$K$1155,MATCH("חל""ת",report!$I$1141:$I$1155,0)),0) -> 2 | O8: =IFERROR(INDEX(report!$K$1141:$K$1155,MATCH("היעדרות",report!$I$1141:$I$1155,0)),0) -> 0 | P8: =IFERROR(INDEX(report!$K$1141:$K$1155,MATCH("חג",report!$I$1141:$I$1155,0)),0) -> 3 | Q8: =IFERROR(INDEX(report!$K$1141:$K$1155,MATCH("ערב חג",report!$I$1141:$I$1155,0)),0) -> 2 | R8: =IFERROR(INDEX(report!$K$1141:$K$1155,MATCH("חול המועד",report!$I$1141:$I$1155,0)),0) -> 2 | S8: =IFERROR(INDEX(report!$K$1141:$K$1155,MATCH("תאונת עבודה",report!$I$1141:$I$1155,0)),0) -> 0 | T8: =IFERROR(INDEX(report!$K$1141:$K$1155,MATCH("חופש",report!$I$1141:$I$1155,0)),0) -> 1 | U8: =22-M8-N8-O8 -> 18 | V8: =D8-U8 -> 0
A9: 60 | B9: אבי בנג'ו | C9: =report!C1612 -> 15 | D9: =report!C1613 -> 22 | E9: =IFERROR(INDEX(report!$K$1611:$K$1625,MATCH("חופשה לחיוב",report!$I$1611:$I$1625,0)),0) -> 3 | F9: =IFERROR(INDEX(report!$K$1611:$K$1625,MATCH("מחלה",report!$I$1611:$I$1625,0)),0) -> 0 | G9: =IFERROR(INDEX(report!$K$1611:$K$1625,MATCH("מילואים",report!$I$1611:$I$1625,0)),0) -> 0 | H9: =report!G1609 -> 135.11 | I9: =report!J1609 -> 125 | J9: =report!K1609 -> 10.11 | K9: 0 | L9: =report!C1621 -> 0 | M9: =IFERROR(INDEX(report!$K$1611:$K$1625,MATCH("מחלה לקיזוז",report!$I$1611:$I$1625,0)),0) -> 0 | N9: =IFERROR(INDEX(report!$K$1611:$K$1625,MATCH("חל""ת",report!$I$1611:$I$1625,0)),0) -> 0 | O9: =IFERROR(INDEX(report!$K$1611:$K$1625,MATCH("היעדרות",report!$I$1611:$I$1625,0)),0) -> 0 | P9: =IFERROR(INDEX(report!$K$1611:$K$1625,MATCH("חג",report!$I$1611:$I$1625,0)),0) -> 3 | Q9: =IFERROR(INDEX(report!$K$1611:$K$1625,MATCH("ערב חג",report!$I$1611:$I$1625,0)),0) -> 2 | R9: =IFERROR(INDEX(report!$K$1611:$K$1625,MATCH("חול המועד",report!$I$1611:$I$1625,0)),0) -> 0 | S9: =IFERROR(INDEX(report!$K$1611:$K$1625,MATCH("תאונת עבודה",report!$I$1611:$I$1625,0)),0) -> 0 | T9: =IFERROR(INDEX(report!$K$1611:$K$1625,MATCH("חופש",report!$I$1611:$I$1625,0)),0) -> 2 | U9: =22-M9-N9-O9 -> 22 | V9: =D9-U9 -> 0
A10: 62 | B10: לוי דור | C10: =report!C1924 -> 3 | D10: =report!C1925 -> 22 | E10: =IFERROR(INDEX(report!$K$1923:$K$1937,MATCH("חופשה לחיוב",report!$I$1923:$I$1937,0)),0) -> 5 | F10: =IFERROR(INDEX(report!$K$1923:$K$1937,MATCH("מחלה",report!$I$1923:$I$1937,0)),0) -> 0 | G10: =IFERROR(INDEX(report!$K$1923:$K$1937,MATCH("מילואים",report!$I$1923:$I$1937,0)),0) -> 15 | H10: =report!G1921 -> 25.75 | I10: =report!J1921 -> 24.2 | J10: =report!K1921 -> 1.55 | K10: 0 | L10: =report!C1933 -> 8.4 | M10: =IFERROR(INDEX(report!$K$1923:$K$1937,MATCH("מחלה לקיזוז",report!$I$1923:$I$1937,0)),0) -> 0 | N10: =IFERROR(INDEX(report!$K$1923:$K$1937,MATCH("חל""ת",report!$I$1923:$I$1937,0)),0) -> 0 | O10: =IFERROR(INDEX(report!$K$1923:$K$1937,MATCH("היעדרות",report!$I$1923:$I$1937,0)),0) -> 0 | P10: =IFERROR(INDEX(report!$K$1923:$K$1937,MATCH("חג",report!$I$1923:$I$1937,0)),0) -> 3 | Q10: =IFERROR(INDEX(report!$K$1923:$K$1937,MATCH("ערב חג",report!$I$1923:$I$1937,0)),0) -> 2 | R10: =IFERROR(INDEX(report!$K$1923:$K$1937,MATCH("חול המועד",report!$I$1923:$I$1937,0)),0) -> 2 | S10: =IFERROR(INDEX(report!$K$1923:$K$1937,MATCH("תאונת עבודה",report!$I$1923:$I$1937,0)),0) -> 0 | T10: =IFERROR(INDEX(report!$K$1923:$K$1937,MATCH("חופש",report!$I$1923:$I$1937,0)),0) -> 2 | U10: =22-M10-N10-O10 -> 22 | V10: =D10-U10 -> 0
A11: 64 | B11: צחי חנגל | C11: =report!C2188 -> 12 | D11: =report!C2189 -> 20.5 | E11: =IFERROR(INDEX(report!$K$2187:$K$2201,MATCH("חופשה לחיוב",report!$I$2187:$I$2201,0)),0) -> 3 | F11: =IFERROR(INDEX(report!$K$2187:$K$2201,MATCH("מחלה",report!$I$2187:$I$2201,0)),0) -> 2 | G11: =IFERROR(INDEX(report!$K$2187:$K$2201,MATCH("מילואים",report!$I$2187:$I$2201,0)),0) -> 1 | H11: =report!G2185 -> 104.36 | I11: =report!J2185 -> 99.8 | J11: =report!K2185 -> 4.56 | K11: 0 | L11: =report!C2197 -> 0 | M11: =IFERROR(INDEX(report!$K$2187:$K$2201,MATCH("מחלה לקיזוז",report!$I$2187:$I$2201,0)),0) -> 1.5 | N11: =IFERROR(INDEX(report!$K$2187:$K$2201,MATCH("חל""ת",report!$I$2187:$I$2201,0)),0) -> 0 | O11: =IFERROR(INDEX(report!$K$2187:$K$2201,MATCH("היעדרות",report!$I$2187:$I$2201,0)),0) -> 0 | P11: =IFERROR(INDEX(report!$K$2187:$K$2201,MATCH("חג",report!$I$2187:$I$2201,0)),0) -> 3 | Q11: =IFERROR(INDEX(report!$K$2187:$K$2201,MATCH("ערב חג",report!$I$2187:$I$2201,0)),0) -> 2 | R11: =IFERROR(INDEX(report!$K$2187:$K$2201,MATCH("חול המועד",report!$I$2187:$I$2201,0)),0) -> 2 | S11: =IFERROR(INDEX(report!$K$2187:$K$2201,MATCH("תאונת עבודה",report!$I$2187:$I$2201,0)),0) -> 0 | T11: =IFERROR(INDEX(report!$K$2187:$K$2201,MATCH("חופש",report!$I$2187:$I$2201,0)),0) -> 0 | U11: =22-M11-N11-O11 -> 20.5 | V11: =D11-U11 -> 0
A12: 65 | B12: שלמה לסנר | C12: =report!C775 -> 18 | D12: =report!C776 -> 22 | E12: =IFERROR(INDEX(report!$K$774:$K$788,MATCH("חופשה לחיוב",report!$I$774:$I$788,0)),0) -> 0.5 | F12: =IFERROR(INDEX(report!$K$774:$K$788,MATCH("מחלה",report!$I$774:$I$788,0)),0) -> 0 | G12: =IFERROR(INDEX(report!$K$774:$K$788,MATCH("מילואים",report!$I$774:$I$788,0)),0) -> 0 | H12: =report!G772 -> 181.98 | I12: =report!J772 -> 144.46 | J12: =report!K772 -> 27.83 | K12: =report!L772 -> 9.68 | L12: =report!C784 -> 0 | M12: =IFERROR(INDEX(report!$K$774:$K$788,MATCH("מחלה לקיזוז",report!$I$774:$I$788,0)),0) -> 0 | N12: =IFERROR(INDEX(report!$K$774:$K$788,MATCH("חל""ת",report!$I$774:$I$788,0)),0) -> 0 | O12: =IFERROR(INDEX(report!$K$774:$K$788,MATCH("היעדרות",report!$I$774:$I$788,0)),0) -> 0 | P12: =IFERROR(INDEX(report!$K$774:$K$788,MATCH("חג",report!$I$774:$I$788,0)),0) -> 3 | Q12: =IFERROR(INDEX(report!$K$774:$K$788,MATCH("ערב חג",report!$I$774:$I$788,0)),0) -> 1 | R12: =IFERROR(INDEX(report!$K$774:$K$788,MATCH("חול המועד",report!$I$774:$I$788,0)),0) -> 2 | S12: =IFERROR(INDEX(report!$K$774:$K$788,MATCH("תאונת עבודה",report!$I$774:$I$788,0)),0) -> 0 | T12: =IFERROR(INDEX(report!$K$774:$K$788,MATCH("חופש",report!$I$774:$I$788,0)),0) -> 0 | U12: =22-M12-N12-O12 -> 22 | V12: =D12-U12 -> 0
A13: 66 | B13: מיכאל רפאל | C13: =report!C1980 -> 17 | D13: =report!C1981 -> 22 | E13: =IFERROR(INDEX(report!$K$1979:$K$1993,MATCH("חופשה לחיוב",report!$I$1979:$I$1993,0)),0) -> 2 | F13: =IFERROR(INDEX(report!$K$1979:$K$1993,MATCH("מחלה",report!$I$1979:$I$1993,0)),0) -> 0 | G13: =IFERROR(INDEX(report!$K$1979:$K$1993,MATCH("מילואים",report!$I$1979:$I$1993,0)),0) -> 0 | H13: =report!G1977 -> 140.53 | I13: =report!J1977 -> 129.6 | J13: =report!K1977 -> 10.93 | K13: 0 | L13: =report!C1989 -> 0 | M13: =IFERROR(INDEX(report!$K$1979:$K$1993,MATCH("מחלה לקיזוז",report!$I$1979:$I$1993,0)),0) -> 0 | N13: =IFERROR(INDEX(report!$K$1979:$K$1993,MATCH("חל""ת",report!$I$1979:$I$1993,0)),0) -> 0 | O13: =IFERROR(INDEX(report!$K$1979:$K$1993,MATCH("היעדרות",report!$I$1979:$I$1993,0)),0) -> 0 | P13: =IFERROR(INDEX(report!$K$1979:$K$1993,MATCH("חג",report!$I$1979:$I$1993,0)),0) -> 3 | Q13: =IFERROR(INDEX(report!$K$1979:$K$1993,MATCH("ערב חג",report!$I$1979:$I$1993,0)),0) -> 0 | R13: =IFERROR(INDEX(report!$K$1979:$K$1993,MATCH("חול המועד",report!$I$1979:$I$1993,0)),0) -> 2 | S13: =IFERROR(INDEX(report!$K$1979:$K$1993,MATCH("תאונת עבודה",report!$I$1979:$I$1993,0)),0) -> 0 | T13: =IFERROR(INDEX(report!$K$1979:$K$1993,MATCH("חופש",report!$I$1979:$I$1993,0)),0) -> 0 | U13: =22-M13-N13-O13 -> 22 | V13: =D13-U13 -> 0
A14: 75 | B14: אייל מלח | C14: =report!C1716 -> 11 | D14: =report!C1717 -> 22 | E14: =IFERROR(INDEX(report!$K$1715:$K$1729,MATCH("חופשה לחיוב",report!$I$1715:$I$1729,0)),0) -> 0 | F14: =IFERROR(INDEX(report!$K$1715:$K$1729,MATCH("מחלה",report!$I$1715:$I$1729,0)),0) -> 0 | G14: =IFERROR(INDEX(report!$K$1715:$K$1729,MATCH("מילואים",report!$I$1715:$I$1729,0)),0) -> 30 | H14: =report!G1713 -> 97.2 | I14: =report!J1713 -> 92.4 | J14: =report!K1713 -> 4.8 | K14: 0 | L14: =report!C1725 -> 92.4 | M14: =IFERROR(INDEX(report!$K$1715:$K$1729,MATCH("מחלה לקיזוז",report!$I$1715:$I$1729,0)),0) -> 0 | N14: =IFERROR(INDEX(report!$K$1715:$K$1729,MATCH("חל""ת",report!$I$1715:$I$1729,0)),0) -> 0 | O14: =IFERROR(INDEX(report!$K$1715:$K$1729,MATCH("היעדרות",report!$I$1715:$I$1729,0)),0) -> 0 | P14: =IFERROR(INDEX(report!$K$1715:$K$1729,MATCH("חג",report!$I$1715:$I$1729,0)),0) -> 0 | Q14: =IFERROR(INDEX(report!$K$1715:$K$1729,MATCH("ערב חג",report!$I$1715:$I$1729,0)),0) -> 0 | R14: =IFERROR(INDEX(report!$K$1715:$K$1729,MATCH("חול המועד",report!$I$1715:$I$1729,0)),0) -> 0 | S14: =IFERROR(INDEX(report!$K$1715:$K$1729,MATCH("תאונת עבודה",report!$I$1715:$I$1729,0)),0) -> 0 | T14: =IFERROR(INDEX(report!$K$1715:$K$1729,MATCH("חופש",report!$I$1715:$I$1729,0)),0) -> 0 | U14: =22-M14-N14-O14 -> 22 | V14: =D14-U14 -> 0
A15: 76 | B15: מנפרד מרקוביץ' | C15: =report!C2032 -> 8 | D15: =report!C2033 -> 22 | E15: =IFERROR(INDEX(report!$K$2031:$K$2045,MATCH("חופשה לחיוב",report!$I$2031:$I$2045,0)),0) -> 0 | F15: =IFERROR(INDEX(report!$K$2031:$K$2045,MATCH("מחלה",report!$I$2031:$I$2045,0)),0) -> 0 | G15: =IFERROR(INDEX(report!$K$2031:$K$2045,MATCH("מילואים",report!$I$2031:$I$2045,0)),0) -> 23 | H15: =report!G2029 -> 78.48 | I15: =report!J2029 -> 64.58 | J15: =report!K2029 -> 12.41 | K15: =report!L2029 -> 1.48 | L15: =report!C2041 -> 33.6 | M15: =IFERROR(INDEX(report!$K$2031:$K$2045,MATCH("מחלה לקיזוז",report!$I$2031:$I$2045,0)),0) -> 0 | N15: =IFERROR(INDEX(report!$K$2031:$K$2045,MATCH("חל""ת",report!$I$2031:$I$2045,0)),0) -> 0 | O15: =IFERROR(INDEX(report!$K$2031:$K$2045,MATCH("היעדרות",report!$I$2031:$I$2045,0)),0) -> 0 | P15: =IFERROR(INDEX(report!$K$2031:$K$2045,MATCH("חג",report!$I$2031:$I$2045,0)),0) -> 3 | Q15: =IFERROR(INDEX(report!$K$2031:$K$2045,MATCH("ערב חג",report!$I$2031:$I$2045,0)),0) -> 0 | R15: =IFERROR(INDEX(report!$K$2031:$K$2045,MATCH("חול המועד",report!$I$2031:$I$2045,0)),0) -> 0 | S15: =IFERROR(INDEX(report!$K$2031:$K$2045,MATCH("תאונת עבודה",report!$I$2031:$I$2045,0)),0) -> 0 | T15: =IFERROR(INDEX(report!$K$2031:$K$2045,MATCH("חופש",report!$I$2031:$I$2045,0)),0) -> 0 | U15: =22-M15-N15-O15 -> 22 | V15: =D15-U15 -> 0
A16: 78 | B16: אורן סרויה | C16: =report!C1090 -> 16 | D16: =report!C1091 -> 22 | E16: =IFERROR(INDEX(report!$K$1089:$K$1103,MATCH("חופשה לחיוב",report!$I$1089:$I$1103,0)),0) -> 2 | F16: =IFERROR(INDEX(report!$K$1089:$K$1103,MATCH("מחלה",report!$I$1089:$I$1103,0)),0) -> 0 | G16: =IFERROR(INDEX(report!$K$1089:$K$1103,MATCH("מילואים",report!$I$1089:$I$1103,0)),0) -> 0 | H16: =report!G1087 -> 151.86 | I16: =report!J1087 -> 133.4 | J16: =report!K1087 -> 17.15 | K16: =report!L1087 -> 1.31 | L16: =report!C1099 -> 0 | M16: =IFERROR(INDEX(report!$K$1089:$K$1103,MATCH("מחלה לקיזוז",report!$I$1089:$I$1103,0)),0) -> 0 | N16: =IFERROR(INDEX(report!$K$1089:$K$1103,MATCH("חל""ת",report!$I$1089:$I$1103,0)),0) -> 0 | O16: =IFERROR(INDEX(report!$K$1089:$K$1103,MATCH("היעדרות",report!$I$1089:$I$1103,0)),0) -> 0 | P16: =IFERROR(INDEX(report!$K$1089:$K$1103,MATCH("חג",report!$I$1089:$I$1103,0)),0) -> 3 | Q16: =IFERROR(INDEX(report!$K$1089:$K$1103,MATCH("ערב חג",report!$I$1089:$I$1103,0)),0) -> 2 | R16: =IFERROR(INDEX(report!$K$1089:$K$1103,MATCH("חול המועד",report!$I$1089:$I$1103,0)),0) -> 2 | S16: =IFERROR(INDEX(report!$K$1089:$K$1103,MATCH("תאונת עבודה",report!$I$1089:$I$1103,0)),0) -> 0 | T16: =IFERROR(INDEX(report!$K$1089:$K$1103,MATCH("חופש",report!$I$1089:$I$1103,0)),0) -> 1 | U16: =22-M16-N16-O16 -> 22 | V16: =D16-U16 -> 0
A17: 86 | B17: נתן פרדר | C17: =report!C1508 -> 14 | D17: =report!C1509 -> 22 | E17: =IFERROR(INDEX(report!$K$1507:$K$1521,MATCH("חופשה לחיוב",report!$I$1507:$I$1521,0)),0) -> 0 | F17: =IFERROR(INDEX(report!$K$1507:$K$1521,MATCH("מחלה",report!$I$1507:$I$1521,0)),0) -> 0 | G17: =IFERROR(INDEX(report!$K$1507:$K$1521,MATCH("מילואים",report!$I$1507:$I$1521,0)),0) -> 23 | H17: =report!G1505 -> 128.4 | I17: =report!J1505 -> 112.11 | J17: =report!K1505 -> 15.51 | K17: =report!L1505 -> 0.76 | L17: =report!C1517 -> 78.516667 | M17: =IFERROR(INDEX(report!$K$1507:$K$1521,MATCH("מחלה לקיזוז",report!$I$1507:$I$1521,0)),0) -> 0 | N17: =IFERROR(INDEX(report!$K$1507:$K$1521,MATCH("חל""ת",report!$I$1507:$I$1521,0)),0) -> 0 | O17: =IFERROR(INDEX(report!$K$1507:$K$1521,MATCH("היעדרות",report!$I$1507:$I$1521,0)),0) -> 0 | P17: =IFERROR(INDEX(report!$K$1507:$K$1521,MATCH("חג",report!$I$1507:$I$1521,0)),0) -> 3 | Q17: =IFERROR(INDEX(report!$K$1507:$K$1521,MATCH("ערב חג",report!$I$1507:$I$1521,0)),0) -> 0 | R17: =IFERROR(INDEX(report!$K$1507:$K$1521,MATCH("חול המועד",report!$I$1507:$I$1521,0)),0) -> 0 | S17: =IFERROR(INDEX(report!$K$1507:$K$1521,MATCH("תאונת עבודה",report!$I$1507:$I$1521,0)),0) -> 0 | T17: =IFERROR(INDEX(report!$K$1507:$K$1521,MATCH("חופש",report!$I$1507:$I$1521,0)),0) -> 0 | U17: =22-M17-N17-O17 -> 22 | V17: =D17-U17 -> 0
A18: 87 | B18: רום יחיא | C18: =report!C1560 -> 6 | D18: =report!C1561 -> 7 | E18: =IFERROR(INDEX(report!$K$1559:$K$1573,MATCH("חופשה לחיוב",report!$I$1559:$I$1573,0)),0) -> 0 | F18: =IFERROR(INDEX(report!$K$1559:$K$1573,MATCH("מחלה",report!$I$1559:$I$1573,0)),0) -> 0 | G18: =IFERROR(INDEX(report!$K$1559:$K$1573,MATCH("מילואים",report!$I$1559:$I$1573,0)),0) -> 0 | H18: =report!G1557 -> 38.95 | I18: =report!J1557 -> 38.95 | J18: 0 | K18: 0 | L18: =report!C1569 -> 0 | M18: =IFERROR(INDEX(report!$K$1559:$K$1573,MATCH("מחלה לקיזוז",report!$I$1559:$I$1573,0)),0) -> 0 | N18: =IFERROR(INDEX(report!$K$1559:$K$1573,MATCH("חל""ת",report!$I$1559:$I$1573,0)),0) -> 15 | O18: =IFERROR(INDEX(report!$K$1559:$K$1573,MATCH("היעדרות",report!$I$1559:$I$1573,0)),0) -> 0 | P18: =IFERROR(INDEX(report!$K$1559:$K$1573,MATCH("חג",report!$I$1559:$I$1573,0)),0) -> 1 | Q18: =IFERROR(INDEX(report!$K$1559:$K$1573,MATCH("ערב חג",report!$I$1559:$I$1573,0)),0) -> 0 | R18: =IFERROR(INDEX(report!$K$1559:$K$1573,MATCH("חול המועד",report!$I$1559:$I$1573,0)),0) -> 0 | S18: =IFERROR(INDEX(report!$K$1559:$K$1573,MATCH("תאונת עבודה",report!$I$1559:$I$1573,0)),0) -> 0 | T18: =IFERROR(INDEX(report!$K$1559:$K$1573,MATCH("חופש",report!$I$1559:$I$1573,0)),0) -> 0 | U18: =22-M18-N18-O18 -> 7 | V18: =D18-U18 -> 0
A19: 92 | B19: לאון שמייב | C19: =report!C1403 -> 14 | D19: =report!C1404 -> 22 | E19: =IFERROR(INDEX(report!$K$1402:$K$1416,MATCH("חופשה לחיוב",report!$I$1402:$I$1416,0)),0) -> 1 | F19: =IFERROR(INDEX(report!$K$1402:$K$1416,MATCH("מחלה",report!$I$1402:$I$1416,0)),0) -> 0 | G19: =IFERROR(INDEX(report!$K$1402:$K$1416,MATCH("מילואים",report!$I$1402:$I$1416,0)),0) -> 3 | H19: =report!G1400 -> 118 | I19: =report!J1400 -> 112.95 | J19: =report!K1400 -> 5.05 | K19: 0 | L19: =report!C1412 -> 0 | M19: =IFERROR(INDEX(report!$K$1402:$K$1416,MATCH("מחלה לקיזוז",report!$I$1402:$I$1416,0)),0) -> 0 | N19: =IFERROR(INDEX(report!$K$1402:$K$1416,MATCH("חל""ת",report!$I$1402:$I$1416,0)),0) -> 0 | O19: =IFERROR(INDEX(report!$K$1402:$K$1416,MATCH("היעדרות",report!$I$1402:$I$1416,0)),0) -> 0 | P19: =IFERROR(INDEX(report!$K$1402:$K$1416,MATCH("חג",report!$I$1402:$I$1416,0)),0) -> 3 | Q19: =IFERROR(INDEX(report!$K$1402:$K$1416,MATCH("ערב חג",report!$I$1402:$I$1416,0)),0) -> 2 | R19: =IFERROR(INDEX(report!$K$1402:$K$1416,MATCH("חול המועד",report!$I$1402:$I$1416,0)),0) -> 0 | S19: =IFERROR(INDEX(report!$K$1402:$K$1416,MATCH("תאונת עבודה",report!$I$1402:$I$1416,0)),0) -> 0 | T19: =IFERROR(INDEX(report!$K$1402:$K$1416,MATCH("חופש",report!$I$1402:$I$1416,0)),0) -> 0 | U19: =22-M19-N19-O19 -> 22 | V19: =D19-U19 -> 0
A20: 93 | B20: יום טוב מוסארי | C20: =report!C1351 -> 17 | D20: =report!C1352 -> 22 | E20: =IFERROR(INDEX(report!$K$1350:$K$1364,MATCH("חופשה לחיוב",report!$I$1350:$I$1364,0)),0) -> 0 | F20: =IFERROR(INDEX(report!$K$1350:$K$1364,MATCH("מחלה",report!$I$1350:$I$1364,0)),0) -> 0 | G20: =IFERROR(INDEX(report!$K$1350:$K$1364,MATCH("מילואים",report!$I$1350:$I$1364,0)),0) -> 14 | H20: =report!G1348 -> 147.38 | I20: =report!J1348 -> 136.48 | J20: =report!K1348 -> 10.63 | K20: =report!L1348 -> 0.26 | L20: =report!C1360 -> 46.65 | M20: =IFERROR(INDEX(report!$K$1350:$K$1364,MATCH("מחלה לקיזוז",report!$I$1350:$I$1364,0)),0) -> 0 | N20: =IFERROR(INDEX(report!$K$1350:$K$1364,MATCH("חל""ת",report!$I$1350:$I$1364,0)),0) -> 0 | O20: =IFERROR(INDEX(report!$K$1350:$K$1364,MATCH("היעדרות",report!$I$1350:$I$1364,0)),0) -> 0 | P20: =IFERROR(INDEX(report!$K$1350:$K$1364,MATCH("חג",report!$I$1350:$I$1364,0)),0) -> 3 | Q20: =IFERROR(INDEX(report!$K$1350:$K$1364,MATCH("ערב חג",report!$I$1350:$I$1364,0)),0) -> 0 | R20: =IFERROR(INDEX(report!$K$1350:$K$1364,MATCH("חול המועד",report!$I$1350:$I$1364,0)),0) -> 0 | S20: =IFERROR(INDEX(report!$K$1350:$K$1364,MATCH("תאונת עבודה",report!$I$1350:$I$1364,0)),0) -> 0 | T20: =IFERROR(INDEX(report!$K$1350:$K$1364,MATCH("חופש",report!$I$1350:$I$1364,0)),0) -> 0 | U20: =22-M20-N20-O20 -> 22 | V20: =D20-U20 -> 0
A21: 94 | B21: טל ניב | C21: =report!C1820 -> 19 | D21: =report!C1821 -> 22 | E21: =IFERROR(INDEX(report!$K$1819:$K$1833,MATCH("חופשה לחיוב",report!$I$1819:$I$1833,0)),0) -> 0 | F21: =IFERROR(INDEX(report!$K$1819:$K$1833,MATCH("מחלה",report!$I$1819:$I$1833,0)),0) -> 0 | G21: =IFERROR(INDEX(report!$K$1819:$K$1833,MATCH("מילואים",report!$I$1819:$I$1833,0)),0) -> 0 | H21: =report!G1817 -> 151.96 | I21: =report!J1817 -> 150.9 | J21: =report!K1817 -> 1.06 | K21: 0 | L21: =report!C1829 -> 0 | M21: =IFERROR(INDEX(report!$K$1819:$K$1833,MATCH("מחלה לקיזוז",report!$I$1819:$I$1833,0)),0) -> 0 | N21: =IFERROR(INDEX(report!$K$1819:$K$1833,MATCH("חל""ת",report!$I$1819:$I$1833,0)),0) -> 0 | O21: =IFERROR(INDEX(report!$K$1819:$K$1833,MATCH("היעדרות",report!$I$1819:$I$1833,0)),0) -> 0 | P21: =IFERROR(INDEX(report!$K$1819:$K$1833,MATCH("חג",report!$I$1819:$I$1833,0)),0) -> 3 | Q21: =IFERROR(INDEX(report!$K$1819:$K$1833,MATCH("ערב חג",report!$I$1819:$I$1833,0)),0) -> 0 | R21: =IFERROR(INDEX(report!$K$1819:$K$1833,MATCH("חול המועד",report!$I$1819:$I$1833,0)),0) -> 2 | S21: =IFERROR(INDEX(report!$K$1819:$K$1833,MATCH("תאונת עבודה",report!$I$1819:$I$1833,0)),0) -> 0 | T21: =IFERROR(INDEX(report!$K$1819:$K$1833,MATCH("חופש",report!$I$1819:$I$1833,0)),0) -> 0 | U21: =22-M21-N21-O21 -> 22 | V21: =D21-U21 -> 0
A22: 95 | B22: אריאל אליה | C22: =report!C253 -> 0 | D22: =report!C254 -> 22 | E22: =IFERROR(INDEX(report!$K$252:$K$266,MATCH("חופשה לחיוב",report!$I$252:$I$266,0)),0) -> 0 | F22: =IFERROR(INDEX(report!$K$252:$K$266,MATCH("מחלה",report!$I$252:$I$266,0)),0) -> 0 | G22: =IFERROR(INDEX(report!$K$252:$K$266,MATCH("מילואים",report!$I$252:$I$266,0)),0) -> 0 | H22: =report!G250 -> 0 | I22: 0 | J22: 0 | K22: 0 | L22: =report!C262 -> 0 | M22: =IFERROR(INDEX(report!$K$252:$K$266,MATCH("מחלה לקיזוז",report!$I$252:$I$266,0)),0) -> 0 | N22: =IFERROR(INDEX(report!$K$252:$K$266,MATCH("חל""ת",report!$I$252:$I$266,0)),0) -> 0 | O22: =IFERROR(INDEX(report!$K$252:$K$266,MATCH("היעדרות",report!$I$252:$I$266,0)),0) -> 0 | P22: =IFERROR(INDEX(report!$K$252:$K$266,MATCH("חג",report!$I$252:$I$266,0)),0) -> 0 | Q22: =IFERROR(INDEX(report!$K$252:$K$266,MATCH("ערב חג",report!$I$252:$I$266,0)),0) -> 0 | R22: =IFERROR(INDEX(report!$K$252:$K$266,MATCH("חול המועד",report!$I$252:$I$266,0)),0) -> 0 | S22: =IFERROR(INDEX(report!$K$252:$K$266,MATCH("תאונת עבודה",report!$I$252:$I$266,0)),0) -> 22 | T22: =IFERROR(INDEX(report!$K$252:$K$266,MATCH("חופש",report!$I$252:$I$266,0)),0) -> 0 | U22: =22-M22-N22-O22 -> 22 | V22: =D22-U22 -> 0
A23: 96 | B23: דניאל בנדרימר | C23: =report!C462 -> 0 | D23: =report!C463 -> 22 | E23: =IFERROR(INDEX(report!$K$461:$K$475,MATCH("חופשה לחיוב",report!$I$461:$I$475,0)),0) -> 2.5 | F23: =IFERROR(INDEX(report!$K$461:$K$475,MATCH("מחלה",report!$I$461:$I$475,0)),0) -> 0 | G23: =IFERROR(INDEX(report!$K$461:$K$475,MATCH("מילואים",report!$I$461:$I$475,0)),0) -> 28 | H23: =report!G459 -> 0 | I23: 0 | J23: 0 | K23: 0 | L23: =report!C471 -> 0 | M23: =IFERROR(INDEX(report!$K$461:$K$475,MATCH("מחלה לקיזוז",report!$I$461:$I$475,0)),0) -> 0 | N23: =IFERROR(INDEX(report!$K$461:$K$475,MATCH("חל""ת",report!$I$461:$I$475,0)),0) -> 0 | O23: =IFERROR(INDEX(report!$K$461:$K$475,MATCH("היעדרות",report!$I$461:$I$475,0)),0) -> 0 | P23: =IFERROR(INDEX(report!$K$461:$K$475,MATCH("חג",report!$I$461:$I$475,0)),0) -> 0 | Q23: =IFERROR(INDEX(report!$K$461:$K$475,MATCH("ערב חג",report!$I$461:$I$475,0)),0) -> 0 | R23: =IFERROR(INDEX(report!$K$461:$K$475,MATCH("חול המועד",report!$I$461:$I$475,0)),0) -> 0 | S23: =IFERROR(INDEX(report!$K$461:$K$475,MATCH("תאונת עבודה",report!$I$461:$I$475,0)),0) -> 0 | T23: =IFERROR(INDEX(report!$K$461:$K$475,MATCH("חופש",report!$I$461:$I$475,0)),0) -> 2 | U23: =22-M23-N23-O23 -> 22 | V23: =D23-U23 -> 0
A24: 97 | B24: משה בורך | C24: =report!C2084 -> 16 | D24: =report!C2085 -> 22 | E24: =IFERROR(INDEX(report!$K$2083:$K$2097,MATCH("חופשה לחיוב",report!$I$2083:$I$2097,0)),0) -> 1 | F24: =IFERROR(INDEX(report!$K$2083:$K$2097,MATCH("מחלה",report!$I$2083:$I$2097,0)),0) -> 0 | G24: =IFERROR(INDEX(report!$K$2083:$K$2097,MATCH("מילואים",report!$I$2083:$I$2097,0)),0) -> 6 | H24: =report!G2081 -> 137.43 | I24: =report!J2081 -> 127.76 | J24: =report!K2081 -> 9.06 | K24: =report!L2081 -> 0.6 | L24: =report!C2093 -> 0 | M24: =IFERROR(INDEX(report!$K$2083:$K$2097,MATCH("מחלה לקיזוז",report!$I$2083:$I$2097,0)),0) -> 0 | N24: =IFERROR(INDEX(report!$K$2083:$K$2097,MATCH("חל""ת",report!$I$2083:$I$2097,0)),0) -> 0 | O24: =IFERROR(INDEX(report!$K$2083:$K$2097,MATCH("היעדרות",report!$I$2083:$I$2097,0)),0) -> 0 | P24: =IFERROR(INDEX(report!$K$2083:$K$2097,MATCH("חג",report!$I$2083:$I$2097,0)),0) -> 3 | Q24: =IFERROR(INDEX(report!$K$2083:$K$2097,MATCH("ערב חג",report!$I$2083:$I$2097,0)),0) -> 0 | R24: =IFERROR(INDEX(report!$K$2083:$K$2097,MATCH("חול המועד",report!$I$2083:$I$2097,0)),0) -> 0 | S24: =IFERROR(INDEX(report!$K$2083:$K$2097,MATCH("תאונת עבודה",report!$I$2083:$I$2097,0)),0) -> 0 | T24: =IFERROR(INDEX(report!$K$2083:$K$2097,MATCH("חופש",report!$I$2083:$I$2097,0)),0) -> 1 | U24: =22-M24-N24-O24 -> 22 | V24: =D24-U24 -> 0
A25: 100 | B25: ולדה טריאקו | C25: =report!C985 -> 15 | D25: =report!C986 -> 22 | E25: =IFERROR(INDEX(report!$K$984:$K$998,MATCH("חופשה לחיוב",report!$I$984:$I$998,0)),0) -> 3 | F25: =IFERROR(INDEX(report!$K$984:$K$998,MATCH("מחלה",report!$I$984:$I$998,0)),0) -> 0 | G25: =IFERROR(INDEX(report!$K$984:$K$998,MATCH("מילואים",report!$I$984:$I$998,0)),0) -> 0 | H25: =report!G982 -> 120.03 | I25: =report!J982 -> 119.03 | J25: =report!K982 -> 1 | K25: 0 | L25: =report!C994 -> 0 | M25: =IFERROR(INDEX(report!$K$984:$K$998,MATCH("מחלה לקיזוז",report!$I$984:$I$998,0)),0) -> 0 | N25: =IFERROR(INDEX(report!$K$984:$K$998,MATCH("חל""ת",report!$I$984:$I$998,0)),0) -> 0 | O25: =IFERROR(INDEX(report!$K$984:$K$998,MATCH("היעדרות",report!$I$984:$I$998,0)),0) -> 0 | P25: =IFERROR(INDEX(report!$K$984:$K$998,MATCH("חג",report!$I$984:$I$998,0)),0) -> 3 | Q25: =IFERROR(INDEX(report!$K$984:$K$998,MATCH("ערב חג",report!$I$984:$I$998,0)),0) -> 2 | R25: =IFERROR(INDEX(report!$K$984:$K$998,MATCH("חול המועד",report!$I$984:$I$998,0)),0) -> 0 | S25: =IFERROR(INDEX(report!$K$984:$K$998,MATCH("תאונת עבודה",report!$I$984:$I$998,0)),0) -> 0 | T25: =IFERROR(INDEX(report!$K$984:$K$998,MATCH("חופש",report!$I$984:$I$998,0)),0) -> 2 | U25: =22-M25-N25-O25 -> 22 | V25: =D25-U25 -> 0
A26: 101 | B26: רפאל שועה | C26: =report!C723 -> 14 | D26: =report!C724 -> 22 | E26: =IFERROR(INDEX(report!$K$722:$K$736,MATCH("חופשה לחיוב",report!$I$722:$I$736,0)),0) -> 0.5 | F26: =IFERROR(INDEX(report!$K$722:$K$736,MATCH("מחלה",report!$I$722:$I$736,0)),0) -> 0 | G26: =IFERROR(INDEX(report!$K$722:$K$736,MATCH("מילואים",report!$I$722:$I$736,0)),0) -> 11 | H26: =report!G720 -> 117.4 | I26: =report!J720 -> 103.36 | J26: =report!K720 -> 12.85 | K26: =report!L720 -> 1.18 | L26: =report!C732 -> 0 | M26: =IFERROR(INDEX(report!$K$722:$K$736,MATCH("מחלה לקיזוז",report!$I$722:$I$736,0)),0) -> 0 | N26: =IFERROR(INDEX(report!$K$722:$K$736,MATCH("חל""ת",report!$I$722:$I$736,0)),0) -> 0 | O26: =IFERROR(INDEX(report!$K$722:$K$736,MATCH("היעדרות",report!$I$722:$I$736,0)),0) -> 0 | P26: =IFERROR(INDEX(report!$K$722:$K$736,MATCH("חג",report!$I$722:$I$736,0)),0) -> 3 | Q26: =IFERROR(INDEX(report!$K$722:$K$736,MATCH("ערב חג",report!$I$722:$I$736,0)),0) -> 0 | R26: =IFERROR(INDEX(report!$K$722:$K$736,MATCH("חול המועד",report!$I$722:$I$736,0)),0) -> 0 | S26: =IFERROR(INDEX(report!$K$722:$K$736,MATCH("תאונת עבודה",report!$I$722:$I$736,0)),0) -> 0 | T26: =IFERROR(INDEX(report!$K$722:$K$736,MATCH("חופש",report!$I$722:$I$736,0)),0) -> 0 | U26: =22-M26-N26-O26 -> 22 | V26: =D26-U26 -> 0
A27: 105 | B27: קומרוב ג'סיקה | C27: =report!C671 -> 16 | D27: =report!C672 -> 22 | E27: =IFERROR(INDEX(report!$K$670:$K$684,MATCH("חופשה לחיוב",report!$I$670:$I$684,0)),0) -> 1.5 | F27: =IFERROR(INDEX(report!$K$670:$K$684,MATCH("מחלה",report!$I$670:$I$684,0)),0) -> 0 | G27: =IFERROR(INDEX(report!$K$670:$K$684,MATCH("מילואים",report!$I$670:$I$684,0)),0) -> 0 | H27: =report!G668 -> 146.31 | I27: =report!J668 -> 134.4 | J27: =report!K668 -> 11.43 | K27: =report!L668 -> 0.48 | L27: =report!C680 -> 0 | M27: =IFERROR(INDEX(report!$K$670:$K$684,MATCH("מחלה לקיזוז",report!$I$670:$I$684,0)),0) -> 0 | N27: =IFERROR(INDEX(report!$K$670:$K$684,MATCH("חל""ת",report!$I$670:$I$684,0)),0) -> 0 | O27: =IFERROR(INDEX(report!$K$670:$K$684,MATCH("היעדרות",report!$I$670:$I$684,0)),0) -> 0 | P27: =IFERROR(INDEX(report!$K$670:$K$684,MATCH("חג",report!$I$670:$I$684,0)),0) -> 3 | Q27: =IFERROR(INDEX(report!$K$670:$K$684,MATCH("ערב חג",report!$I$670:$I$684,0)),0) -> 3 | R27: =IFERROR(INDEX(report!$K$670:$K$684,MATCH("חול המועד",report!$I$670:$I$684,0)),0) -> 2 | S27: =IFERROR(INDEX(report!$K$670:$K$684,MATCH("תאונת עבודה",report!$I$670:$I$684,0)),0) -> 0 | T27: =IFERROR(INDEX(report!$K$670:$K$684,MATCH("חופש",report!$I$670:$I$684,0)),0) -> 0 | U27: =22-M27-N27-O27 -> 22 | V27: =D27-U27 -> 0
A28: 106 | B28: אוראל שווקי | C28: =report!C1664 -> 14 | D28: =report!C1665 -> 20 | E28: =IFERROR(INDEX(report!$K$1663:$K$1677,MATCH("חופשה לחיוב",report!$I$1663:$I$1677,0)),0) -> 0.5 | F28: =IFERROR(INDEX(report!$K$1663:$K$1677,MATCH("מחלה",report!$I$1663:$I$1677,0)),0) -> 4 | G28: =IFERROR(INDEX(report!$K$1663:$K$1677,MATCH("מילואים",report!$I$1663:$I$1677,0)),0) -> 0 | H28: =report!G1661 -> 123.78 | I28: =report!J1661 -> 113.83 | J28: =report!K1661 -> 9.88 | K28: =report!L1661 -> 0.06 | L28: =report!C1673 -> 0 | M28: =IFERROR(INDEX(report!$K$1663:$K$1677,MATCH("מחלה לקיזוז",report!$I$1663:$I$1677,0)),0) -> 2 | N28: =IFERROR(INDEX(report!$K$1663:$K$1677,MATCH("חל""ת",report!$I$1663:$I$1677,0)),0) -> 0 | O28: =IFERROR(INDEX(report!$K$1663:$K$1677,MATCH("היעדרות",report!$I$1663:$I$1677,0)),0) -> 0 | P28: =IFERROR(INDEX(report!$K$1663:$K$1677,MATCH("חג",report!$I$1663:$I$1677,0)),0) -> 3 | Q28: =IFERROR(INDEX(report!$K$1663:$K$1677,MATCH("ערב חג",report!$I$1663:$I$1677,0)),0) -> 1 | R28: =IFERROR(INDEX(report!$K$1663:$K$1677,MATCH("חול המועד",report!$I$1663:$I$1677,0)),0) -> 0 | S28: =IFERROR(INDEX(report!$K$1663:$K$1677,MATCH("תאונת עבודה",report!$I$1663:$I$1677,0)),0) -> 0 | T28: =IFERROR(INDEX(report!$K$1663:$K$1677,MATCH("חופש",report!$I$1663:$I$1677,0)),0) -> 0 | U28: =22-M28-N28-O28 -> 20 | V28: =D28-U28 -> 0
A29: 109 | B29: נתן מזרחי | C29: =report!C2136 -> 15 | D29: =report!C2137 -> 22 | E29: =IFERROR(INDEX(report!$K$2135:$K$2149,MATCH("חופשה לחיוב",report!$I$2135:$I$2149,0)),0) -> 3 | F29: =IFERROR(INDEX(report!$K$2135:$K$2149,MATCH("מחלה",report!$I$2135:$I$2149,0)),0) -> 0 | G29: =IFERROR(INDEX(report!$K$2135:$K$2149,MATCH("מילואים",report!$I$2135:$I$2149,0)),0) -> 0 | H29: =report!G2133 -> 138.23 | I29: =report!J2133 -> 122.38 | J29: =report!K2133 -> 15.4 | K29: =report!L2133 -> 0.45 | L29: =report!C2145 -> 0 | M29: =IFERROR(INDEX(report!$K$2135:$K$2149,MATCH("מחלה לקיזוז",report!$I$2135:$I$2149,0)),0) -> 0 | N29: =IFERROR(INDEX(report!$K$2135:$K$2149,MATCH("חל""ת",report!$I$2135:$I$2149,0)),0) -> 0 | O29: =IFERROR(INDEX(report!$K$2135:$K$2149,MATCH("היעדרות",report!$I$2135:$I$2149,0)),0) -> 0 | P29: =IFERROR(INDEX(report!$K$2135:$K$2149,MATCH("חג",report!$I$2135:$I$2149,0)),0) -> 3 | Q29: =IFERROR(INDEX(report!$K$2135:$K$2149,MATCH("ערב חג",report!$I$2135:$I$2149,0)),0) -> 2 | R29: =IFERROR(INDEX(report!$K$2135:$K$2149,MATCH("חול המועד",report!$I$2135:$I$2149,0)),0) -> 2 | S29: =IFERROR(INDEX(report!$K$2135:$K$2149,MATCH("תאונת עבודה",report!$I$2135:$I$2149,0)),0) -> 0 | T29: =IFERROR(INDEX(report!$K$2135:$K$2149,MATCH("חופש",report!$I$2135:$I$2149,0)),0) -> 0 | U29: =22-M29-N29-O29 -> 22 | V29: =D29-U29 -> 0
A30: 110 | B30: בר אשטון | C30: =report!C305 -> 15 | D30: =report!C306 -> 22 | E30: =IFERROR(INDEX(report!$K$304:$K$318,MATCH("חופשה לחיוב",report!$I$304:$I$318,0)),0) -> 2.5 | F30: =IFERROR(INDEX(report!$K$304:$K$318,MATCH("מחלה",report!$I$304:$I$318,0)),0) -> 0 | G30: =IFERROR(INDEX(report!$K$304:$K$318,MATCH("מילואים",report!$I$304:$I$318,0)),0) -> 0 | H30: =report!G302 -> 133.73 | I30: =report!J302 -> 122.05 | J30: =report!K302 -> 10.95 | K30: =report!L302 -> 0.73 | L30: =report!C314 -> 0 | M30: =IFERROR(INDEX(report!$K$304:$K$318,MATCH("מחלה לקיזוז",report!$I$304:$I$318,0)),0) -> 0 | N30: =IFERROR(INDEX(report!$K$304:$K$318,MATCH("חל""ת",report!$I$304:$I$318,0)),0) -> 0 | O30: =IFERROR(INDEX(report!$K$304:$K$318,MATCH("היעדרות",report!$I$304:$I$318,0)),0) -> 0 | P30: =IFERROR(INDEX(report!$K$304:$K$318,MATCH("חג",report!$I$304:$I$318,0)),0) -> 3 | Q30: =IFERROR(INDEX(report!$K$304:$K$318,MATCH("ערב חג",report!$I$304:$I$318,0)),0) -> 3 | R30: =IFERROR(INDEX(report!$K$304:$K$318,MATCH("חול המועד",report!$I$304:$I$318,0)),0) -> 2 | S30: =IFERROR(INDEX(report!$K$304:$K$318,MATCH("תאונת עבודה",report!$I$304:$I$318,0)),0) -> 0 | T30: =IFERROR(INDEX(report!$K$304:$K$318,MATCH("חופש",report!$I$304:$I$318,0)),0) -> 1 | U30: =22-M30-N30-O30 -> 22 | V30: =D30-U30 -> 0
A31: 112 | B31: נהיראל כהן | C31: =report!C619 -> 4 | D31: =report!C620 -> 22 | E31: =IFERROR(INDEX(report!$K$618:$K$632,MATCH("חופשה לחיוב",report!$I$618:$I$632,0)),0) -> 2.5 | F31: =IFERROR(INDEX(report!$K$618:$K$632,MATCH("מחלה",report!$I$618:$I$632,0)),0) -> 0 | G31: =IFERROR(INDEX(report!$K$618:$K$632,MATCH("מילואים",report!$I$618:$I$632,0)),0) -> 16 | H31: =report!G616 -> 29.63 | I31: =report!J616 -> 27.11 | J31: =report!K616 -> 2.51 | K31: 0 | L31: =report!C628 -> 1.9166667 | M31: =IFERROR(INDEX(report!$K$618:$K$632,MATCH("מחלה לקיזוז",report!$I$618:$I$632,0)),0) -> 0 | N31: =IFERROR(INDEX(report!$K$618:$K$632,MATCH("חל""ת",report!$I$618:$I$632,0)),0) -> 0 | O31: =IFERROR(INDEX(report!$K$618:$K$632,MATCH("היעדרות",report!$I$618:$I$632,0)),0) -> 0 | P31: =IFERROR(INDEX(report!$K$618:$K$632,MATCH("חג",report!$I$618:$I$632,0)),0) -> 3 | Q31: =IFERROR(INDEX(report!$K$618:$K$632,MATCH("ערב חג",report!$I$618:$I$632,0)),0) -> 3 | R31: =IFERROR(INDEX(report!$K$618:$K$632,MATCH("חול המועד",report!$I$618:$I$632,0)),0) -> 2 | S31: =IFERROR(INDEX(report!$K$618:$K$632,MATCH("תאונת עבודה",report!$I$618:$I$632,0)),0) -> 0 | T31: =IFERROR(INDEX(report!$K$618:$K$632,MATCH("חופש",report!$I$618:$I$632,0)),0) -> 1 | U31: =22-M31-N31-O31 -> 22 | V31: =D31-U31 -> 0
A32: 113 | B32: אורי אשתר | C32: =report!C43 -> 14 | D32: =report!C44 -> 22 | E32: =IFERROR(INDEX(report!$K$42:$K$56,MATCH("חופשה לחיוב",report!$I$42:$I$56,0)),0) -> 3.5 | F32: =IFERROR(INDEX(report!$K$42:$K$56,MATCH("מחלה",report!$I$42:$I$56,0)),0) -> 0 | G32: =IFERROR(INDEX(report!$K$42:$K$56,MATCH("מילואים",report!$I$42:$I$56,0)),0) -> 0 | H32: =report!G40 -> 117.25 | I32: =report!J40 -> 114.51 | J32: =report!K40 -> 2.73 | K32: 0 | L32: =report!C52 -> 0 | M32: =IFERROR(INDEX(report!$K$42:$K$56,MATCH("מחלה לקיזוז",report!$I$42:$I$56,0)),0) -> 0 | N32: =IFERROR(INDEX(report!$K$42:$K$56,MATCH("חל""ת",report!$I$42:$I$56,0)),0) -> 0 | O32: =IFERROR(INDEX(report!$K$42:$K$56,MATCH("היעדרות",report!$I$42:$I$56,0)),0) -> 0 | P32: =IFERROR(INDEX(report!$K$42:$K$56,MATCH("חג",report!$I$42:$I$56,0)),0) -> 3 | Q32: =IFERROR(INDEX(report!$K$42:$K$56,MATCH("ערב חג",report!$I$42:$I$56,0)),0) -> 3 | R32: =IFERROR(INDEX(report!$K$42:$K$56,MATCH("חול המועד",report!$I$42:$I$56,0)),0) -> 2 | S32: =IFERROR(INDEX(report!$K$42:$K$56,MATCH("תאונת עבודה",report!$I$42:$I$56,0)),0) -> 0 | T32: =IFERROR(INDEX(report!$K$42:$K$56,MATCH("חופש",report!$I$42:$I$56,0)),0) -> 0 | U32: =22-M32-N32-O32 -> 22 | V32: =D32-U32 -> 0
A33: 115 | B33: יענקל מונטבולינסקי | C33: =report!C1872 -> 16 | D33: =report!C1873 -> 21 | E33: =IFERROR(INDEX(report!$K$1871:$K$1885,MATCH("חופשה לחיוב",report!$I$1871:$I$1885,0)),0) -> 1 | F33: =IFERROR(INDEX(report!$K$1871:$K$1885,MATCH("מחלה",report!$I$1871:$I$1885,0)),0) -> 1 | G33: =IFERROR(INDEX(report!$K$1871:$K$1885,MATCH("מילואים",report!$I$1871:$I$1885,0)),0) -> 0 | H33: =report!G1869 -> 127.2 | I33: =report!J1869 -> 124.03 | J33: =report!K1869 -> 3.16 | K33: 0 | L33: =report!C1881 -> 0 | M33: =IFERROR(INDEX(report!$K$1871:$K$1885,MATCH("מחלה לקיזוז",report!$I$1871:$I$1885,0)),0) -> 1 | N33: =IFERROR(INDEX(report!$K$1871:$K$1885,MATCH("חל""ת",report!$I$1871:$I$1885,0)),0) -> 0 | O33: =IFERROR(INDEX(report!$K$1871:$K$1885,MATCH("היעדרות",report!$I$1871:$I$1885,0)),0) -> 0 | P33: =IFERROR(INDEX(report!$K$1871:$K$1885,MATCH("חג",report!$I$1871:$I$1885,0)),0) -> 3 | Q33: =IFERROR(INDEX(report!$K$1871:$K$1885,MATCH("ערב חג",report!$I$1871:$I$1885,0)),0) -> 2 | R33: =IFERROR(INDEX(report!$K$1871:$K$1885,MATCH("חול המועד",report!$I$1871:$I$1885,0)),0) -> 0 | S33: =IFERROR(INDEX(report!$K$1871:$K$1885,MATCH("תאונת עבודה",report!$I$1871:$I$1885,0)),0) -> 0 | T33: =IFERROR(INDEX(report!$K$1871:$K$1885,MATCH("חופש",report!$I$1871:$I$1885,0)),0) -> 0 | U33: =22-M33-N33-O33 -> 21 | V33: =D33-U33 -> 0
A34: 116 | B34: אבישי שרון מהדקאר | C34: =report!C2240 -> 16 | D34: =report!C2241 -> 22 | E34: =IFERROR(INDEX(report!$K$2239:$K$2253,MATCH("חופשה לחיוב",report!$I$2239:$I$2253,0)),0) -> 3 | F34: =IFERROR(INDEX(report!$K$2239:$K$2253,MATCH("מחלה",report!$I$2239:$I$2253,0)),0) -> 0 | G34: =IFERROR(INDEX(report!$K$2239:$K$2253,MATCH("מילואים",report!$I$2239:$I$2253,0)),0) -> 0 | H34: =report!G2237 -> 152.38 | I34: =report!J2237 -> 107.8 | J34: =report!K2237 -> 16.7 | K34: =report!L2237 -> 27.88 | L34: =report!C2249 -> 0 | M34: =IFERROR(INDEX(report!$K$2239:$K$2253,MATCH("מחלה לקיזוז",report!$I$2239:$I$2253,0)),0) -> 0 | N34: =IFERROR(INDEX(report!$K$2239:$K$2253,MATCH("חל""ת",report!$I$2239:$I$2253,0)),0) -> 0 | O34: =IFERROR(INDEX(report!$K$2239:$K$2253,MATCH("היעדרות",report!$I$2239:$I$2253,0)),0) -> 0 | P34: =IFERROR(INDEX(report!$K$2239:$K$2253,MATCH("חג",report!$I$2239:$I$2253,0)),0) -> 3 | Q34: =IFERROR(INDEX(report!$K$2239:$K$2253,MATCH("ערב חג",report!$I$2239:$I$2253,0)),0) -> 2 | R34: =IFERROR(INDEX(report!$K$2239:$K$2253,MATCH("חול המועד",report!$I$2239:$I$2253,0)),0) -> 2 | S34: =IFERROR(INDEX(report!$K$2239:$K$2253,MATCH("תאונת עבודה",report!$I$2239:$I$2253,0)),0) -> 0 | T34: =IFERROR(INDEX(report!$K$2239:$K$2253,MATCH("חופש",report!$I$2239:$I$2253,0)),0) -> 0 | U34: =22-M34-N34-O34 -> 22 | V34: =D34-U34 -> 0
A35: 117 | B35: הודיה הכהן | C35: =report!C1246 -> 12 | D35: =report!C1247 -> 21 | E35: =IFERROR(INDEX(report!$K$1245:$K$1259,MATCH("חופשה לחיוב",report!$I$1245:$I$1259,0)),0) -> 4.5 | F35: =IFERROR(INDEX(report!$K$1245:$K$1259,MATCH("מחלה",report!$I$1245:$I$1259,0)),0) -> 0 | G35: =IFERROR(INDEX(report!$K$1245:$K$1259,MATCH("מילואים",report!$I$1245:$I$1259,0)),0) -> 0 | H35: =report!G1243 -> 116.65 | I35: =report!J1243 -> 99.5 | J35: =report!K1243 -> 14.21 | K35: =report!L1243 -> 2.93 | L35: =report!C1255 -> 0 | M35: =IFERROR(INDEX(report!$K$1245:$K$1259,MATCH("מחלה לקיזוז",report!$I$1245:$I$1259,0)),0) -> 0 | N35: =IFERROR(INDEX(report!$K$1245:$K$1259,MATCH("חל""ת",report!$I$1245:$I$1259,0)),0) -> 0 | O35: =IFERROR(INDEX(report!$K$1245:$K$1259,MATCH("היעדרות",report!$I$1245:$I$1259,0)),0) -> 0 | P35: =IFERROR(INDEX(report!$K$1245:$K$1259,MATCH("חג",report!$I$1245:$I$1259,0)),0) -> 3 | Q35: =IFERROR(INDEX(report!$K$1245:$K$1259,MATCH("ערב חג",report!$I$1245:$I$1259,0)),0) -> 3 | R35: =IFERROR(INDEX(report!$K$1245:$K$1259,MATCH("חול המועד",report!$I$1245:$I$1259,0)),0) -> 2 | S35: =IFERROR(INDEX(report!$K$1245:$K$1259,MATCH("תאונת עבודה",report!$I$1245:$I$1259,0)),0) -> 0 | T35: =IFERROR(INDEX(report!$K$1245:$K$1259,MATCH("חופש",report!$I$1245:$I$1259,0)),0) -> 1 | U35: =22-M35-N35-O35 -> 22 | V35: =D35-U35 -> -1
A36: 118 | B36: אורי דוד עברי | C36: =report!C96 -> 12 | D36: =report!C97 -> 20 | E36: =IFERROR(INDEX(report!$K$95:$K$109,MATCH("חופשה לחיוב",report!$I$95:$I$109,0)),0) -> 0 | F36: =IFERROR(INDEX(report!$K$95:$K$109,MATCH("מחלה",report!$I$95:$I$109,0)),0) -> 0 | G36: =IFERROR(INDEX(report!$K$95:$K$109,MATCH("מילואים",report!$I$95:$I$109,0)),0) -> 3 | H36: =report!G93 -> 79 | I36: =report!J93 -> 77.81 | J36: =report!K93 -> 1.18 | K36: 0 | L36: =report!C105 -> 3.0833333 | M36: =IFERROR(INDEX(report!$K$95:$K$109,MATCH("מחלה לקיזוז",report!$I$95:$I$109,0)),0) -> 0 | N36: =IFERROR(INDEX(report!$K$95:$K$109,MATCH("חל""ת",report!$I$95:$I$109,0)),0) -> 0 | O36: =IFERROR(INDEX(report!$K$95:$K$109,MATCH("היעדרות",report!$I$95:$I$109,0)),0) -> 0 | P36: =IFERROR(INDEX(report!$K$95:$K$109,MATCH("חג",report!$I$95:$I$109,0)),0) -> 3 | Q36: =IFERROR(INDEX(report!$K$95:$K$109,MATCH("ערב חג",report!$I$95:$I$109,0)),0) -> 2 | R36: =IFERROR(INDEX(report!$K$95:$K$109,MATCH("חול המועד",report!$I$95:$I$109,0)),0) -> 2 | S36: =IFERROR(INDEX(report!$K$95:$K$109,MATCH("תאונת עבודה",report!$I$95:$I$109,0)),0) -> 0 | T36: =IFERROR(INDEX(report!$K$95:$K$109,MATCH("חופש",report!$I$95:$I$109,0)),0) -> 1 | U36: =22-M36-N36-O36 -> 22 | V36: =D36-U36 -> -2
A37: 119 | B37: טל בירנבאום | C37: =report!C1299 -> 12 | D37: =report!C1300 -> 11 | E37: =IFERROR(INDEX(report!$K$1298:$K$1312,MATCH("חופשה לחיוב",report!$I$1298:$I$1312,0)),0) -> 2.5 | F37: =IFERROR(INDEX(report!$K$1298:$K$1312,MATCH("מחלה",report!$I$1298:$I$1312,0)),0) -> 0 | G37: =IFERROR(INDEX(report!$K$1298:$K$1312,MATCH("מילואים",report!$I$1298:$I$1312,0)),0) -> 0 | H37: =report!G1296 -> 83.11 | I37: =report!J1296 -> 82.96 | J37: =report!K1296 -> 0.15 | K37: 0 | L37: =report!C1308 -> 0 | M37: =IFERROR(INDEX(report!$K$1298:$K$1312,MATCH("מחלה לקיזוז",report!$I$1298:$I$1312,0)),0) -> 0 | N37: =IFERROR(INDEX(report!$K$1298:$K$1312,MATCH("חל""ת",report!$I$1298:$I$1312,0)),0) -> 11 | O37: =IFERROR(INDEX(report!$K$1298:$K$1312,MATCH("היעדרות",report!$I$1298:$I$1312,0)),0) -> 0 | P37: =IFERROR(INDEX(report!$K$1298:$K$1312,MATCH("חג",report!$I$1298:$I$1312,0)),0) -> 3 | Q37: =IFERROR(INDEX(report!$K$1298:$K$1312,MATCH("ערב חג",report!$I$1298:$I$1312,0)),0) -> 3 | R37: =IFERROR(INDEX(report!$K$1298:$K$1312,MATCH("חול המועד",report!$I$1298:$I$1312,0)),0) -> 0 | S37: =IFERROR(INDEX(report!$K$1298:$K$1312,MATCH("תאונת עבודה",report!$I$1298:$I$1312,0)),0) -> 0 | T37: =IFERROR(INDEX(report!$K$1298:$K$1312,MATCH("חופש",report!$I$1298:$I$1312,0)),0) -> 1 | U37: =22-M37-N37-O37 -> 11 | V37: =D37-U37 -> 0
A38: 121 | B38: איתי קעטבי | C38: =report!C148 -> 5 | D38: =report!C149 -> 22 | E38: =IFERROR(INDEX(report!$K$147:$K$161,MATCH("חופשה לחיוב",report!$I$147:$I$161,0)),0) -> 3.5 | F38: =IFERROR(INDEX(report!$K$147:$K$161,MATCH("מחלה",report!$I$147:$I$161,0)),0) -> 0 | G38: =IFERROR(INDEX(report!$K$147:$K$161,MATCH("מילואים",report!$I$147:$I$161,0)),0) -> 9 | H38: =report!G145 -> 45.96 | I38: =report!J145 -> 42 | J38: =report!K145 -> 3.86 | K38: =report!L145 -> 0.1 | L38: =report!C157 -> 0 | M38: =IFERROR(INDEX(report!$K$147:$K$161,MATCH("מחלה לקיזוז",report!$I$147:$I$161,0)),0) -> 0 | N38: =IFERROR(INDEX(report!$K$147:$K$161,MATCH("חל""ת",report!$I$147:$I$161,0)),0) -> 0 | O38: =IFERROR(INDEX(report!$K$147:$K$161,MATCH("היעדרות",report!$I$147:$I$161,0)),0) -> 0 | P38: =IFERROR(INDEX(report!$K$147:$K$161,MATCH("חג",report!$I$147:$I$161,0)),0) -> 3 | Q38: =IFERROR(INDEX(report!$K$147:$K$161,MATCH("ערב חג",report!$I$147:$I$161,0)),0) -> 3 | R38: =IFERROR(INDEX(report!$K$147:$K$161,MATCH("חול המועד",report!$I$147:$I$161,0)),0) -> 2 | S38: =IFERROR(INDEX(report!$K$147:$K$161,MATCH("תאונת עבודה",report!$I$147:$I$161,0)),0) -> 0 | T38: =IFERROR(INDEX(report!$K$147:$K$161,MATCH("חופש",report!$I$147:$I$161,0)),0) -> 0 | U38: =22-M38-N38-O38 -> 22 | V38: =D38-U38 -> 0
A39: 122 | B39: Tami demello | C39: =report!C879 -> 8 | D39: =report!C880 -> 22 | E39: =IFERROR(INDEX(report!$K$878:$K$892,MATCH("חופשה לחיוב",report!$I$878:$I$892,0)),0) -> 3.5 | F39: =IFERROR(INDEX(report!$K$878:$K$892,MATCH("מחלה",report!$I$878:$I$892,0)),0) -> 0 | G39: =IFERROR(INDEX(report!$K$878:$K$892,MATCH("מילואים",report!$I$878:$I$892,0)),0) -> 0 | H39: =report!G876 -> 23.91 | I39: =report!J876 -> 23.08 | J39: =report!K876 -> 0.83 | K39: 0 | L39: =report!C888 -> 0 | M39: =IFERROR(INDEX(report!$K$878:$K$892,MATCH("מחלה לקיזוז",report!$I$878:$I$892,0)),0) -> 0 | N39: =IFERROR(INDEX(report!$K$878:$K$892,MATCH("חל""ת",report!$I$878:$I$892,0)),0) -> 0 | O39: =IFERROR(INDEX(report!$K$878:$K$892,MATCH("היעדרות",report!$I$878:$I$892,0)),0) -> 0 | P39: =IFERROR(INDEX(report!$K$878:$K$892,MATCH("חג",report!$I$878:$I$892,0)),0) -> 3 | Q39: =IFERROR(INDEX(report!$K$878:$K$892,MATCH("ערב חג",report!$I$878:$I$892,0)),0) -> 3 | R39: =IFERROR(INDEX(report!$K$878:$K$892,MATCH("חול המועד",report!$I$878:$I$892,0)),0) -> 2 | S39: =IFERROR(INDEX(report!$K$878:$K$892,MATCH("תאונת עבודה",report!$I$878:$I$892,0)),0) -> 0 | T39: =IFERROR(INDEX(report!$K$878:$K$892,MATCH("חופש",report!$I$878:$I$892,0)),0) -> 0 | U39: =22-M39-N39-O39 -> 22 | V39: =D39-U39 -> 0
A40: 123 | B40: אריק רוזנווסר | C40: =report!C1768 -> 13 | D40: =report!C1769 -> 20 | E40: =IFERROR(INDEX(report!$K$1767:$K$1781,MATCH("חופשה לחיוב",report!$I$1767:$I$1781,0)),0) -> 3 | F40: =IFERROR(INDEX(report!$K$1767:$K$1781,MATCH("מחלה",report!$I$1767:$I$1781,0)),0) -> 0 | G40: =IFERROR(INDEX(report!$K$1767:$K$1781,MATCH("מילואים",report!$I$1767:$I$1781,0)),0) -> 0 | H40: =report!G1765 -> 107.96 | I40: =report!J1765 -> 106.25 | J40: =report!K1765 -> 1.71 | K40: 0 | L40: =report!C1777 -> 0 | M40: =IFERROR(INDEX(report!$K$1767:$K$1781,MATCH("מחלה לקיזוז",report!$I$1767:$I$1781,0)),0) -> 0 | N40: =IFERROR(INDEX(report!$K$1767:$K$1781,MATCH("חל""ת",report!$I$1767:$I$1781,0)),0) -> 0 | O40: =IFERROR(INDEX(report!$K$1767:$K$1781,MATCH("היעדרות",report!$I$1767:$I$1781,0)),0) -> 0 | P40: =IFERROR(INDEX(report!$K$1767:$K$1781,MATCH("חג",report!$I$1767:$I$1781,0)),0) -> 3 | Q40: =IFERROR(INDEX(report!$K$1767:$K$1781,MATCH("ערב חג",report!$I$1767:$I$1781,0)),0) -> 2 | R40: =IFERROR(INDEX(report!$K$1767:$K$1781,MATCH("חול המועד",report!$I$1767:$I$1781,0)),0) -> 2 | S40: =IFERROR(INDEX(report!$K$1767:$K$1781,MATCH("תאונת עבודה",report!$I$1767:$I$1781,0)),0) -> 0 | T40: =IFERROR(INDEX(report!$K$1767:$K$1781,MATCH("חופש",report!$I$1767:$I$1781,0)),0) -> 0 | U40: =22-M40-N40-O40 -> 22 | V40: =D40-U40 -> -2
A41: 124 | B41: מיכה אברג'ל | C41: =report!C1456 -> 8 | D41: =report!C1457 -> 22 | E41: =IFERROR(INDEX(report!$K$1455:$K$1469,MATCH("חופשה לחיוב",report!$I$1455:$I$1469,0)),0) -> 2.5 | F41: =IFERROR(INDEX(report!$K$1455:$K$1469,MATCH("מחלה",report!$I$1455:$I$1469,0)),0) -> 0 | G41: =IFERROR(INDEX(report!$K$1455:$K$1469,MATCH("מילואים",report!$I$1455:$I$1469,0)),0) -> 12 | H41: =report!G1453 -> 55.63 | I41: =report!J1453 -> 54.86 | J41: =report!K1453 -> 0.76 | K41: 0 | L41: =report!C1465 -> 0 | M41: =IFERROR(INDEX(report!$K$1455:$K$1469,MATCH("מחלה לקיזוז",report!$I$1455:$I$1469,0)),0) -> 0 | N41: =IFERROR(INDEX(report!$K$1455:$K$1469,MATCH("חל""ת",report!$I$1455:$I$1469,0)),0) -> 0 | O41: =IFERROR(INDEX(report!$K$1455:$K$1469,MATCH("היעדרות",report!$I$1455:$I$1469,0)),0) -> 0 | P41: =IFERROR(INDEX(report!$K$1455:$K$1469,MATCH("חג",report!$I$1455:$I$1469,0)),0) -> 3 | Q41: =IFERROR(INDEX(report!$K$1455:$K$1469,MATCH("ערב חג",report!$I$1455:$I$1469,0)),0) -> 3 | R41: =IFERROR(INDEX(report!$K$1455:$K$1469,MATCH("חול המועד",report!$I$1455:$I$1469,0)),0) -> 2 | S41: =IFERROR(INDEX(report!$K$1455:$K$1469,MATCH("תאונת עבודה",report!$I$1455:$I$1469,0)),0) -> 0 | T41: =IFERROR(INDEX(report!$K$1455:$K$1469,MATCH("חופש",report!$I$1455:$I$1469,0)),0) -> 1 | U41: =22-M41-N41-O41 -> 22 | V41: =D41-U41 -> 0
A42: 125 | B42: דני ישראל | C42: =report!C1194 -> 8 | D42: =report!C1195 -> 22 | E42: =IFERROR(INDEX(report!$K$1193:$K$1207,MATCH("חופשה לחיוב",report!$I$1193:$I$1207,0)),0) -> 0 | F42: =IFERROR(INDEX(report!$K$1193:$K$1207,MATCH("מחלה",report!$I$1193:$I$1207,0)),0) -> 0 | G42: =IFERROR(INDEX(report!$K$1193:$K$1207,MATCH("מילואים",report!$I$1193:$I$1207,0)),0) -> 28 | H42: =report!G1191 -> 55.08 | I42: =report!J1191 -> 55.08 | J42: 0 | K42: 0 | L42: =report!C1203 -> 40.3 | M42: =IFERROR(INDEX(report!$K$1193:$K$1207,MATCH("מחלה לקיזוז",report!$I$1193:$I$1207,0)),0) -> 0 | N42: =IFERROR(INDEX(report!$K$1193:$K$1207,MATCH("חל""ת",report!$I$1193:$I$1207,0)),0) -> 0 | O42: =IFERROR(INDEX(report!$K$1193:$K$1207,MATCH("היעדרות",report!$I$1193:$I$1207,0)),0) -> 0 | P42: =IFERROR(INDEX(report!$K$1193:$K$1207,MATCH("חג",report!$I$1193:$I$1207,0)),0) -> 0 | Q42: =IFERROR(INDEX(report!$K$1193:$K$1207,MATCH("ערב חג",report!$I$1193:$I$1207,0)),0) -> 0 | R42: =IFERROR(INDEX(report!$K$1193:$K$1207,MATCH("חול המועד",report!$I$1193:$I$1207,0)),0) -> 0 | S42: =IFERROR(INDEX(report!$K$1193:$K$1207,MATCH("תאונת עבודה",report!$I$1193:$I$1207,0)),0) -> 0 | T42: =IFERROR(INDEX(report!$K$1193:$K$1207,MATCH("חופש",report!$I$1193:$I$1207,0)),0) -> 0 | U42: =22-M42-N42-O42 -> 22 | V42: =D42-U42 -> 0
A43: 126 | B43: מיכאל קייטלין | C43: =report!C2292 -> 9 | D43: =report!C2293 -> 10 | E43: =IFERROR(INDEX(report!$K$2291:$K$2305,MATCH("חופשה לחיוב",report!$I$2291:$I$2305,0)),0) -> 3 | F43: =IFERROR(INDEX(report!$K$2291:$K$2305,MATCH("מחלה",report!$I$2291:$I$2305,0)),0) -> 0 | G43: =IFERROR(INDEX(report!$K$2291:$K$2305,MATCH("מילואים",report!$I$2291:$I$2305,0)),0) -> 0 | H43: =report!G2289 -> 85.98 | I43: =report!J2289 -> 68.13 | J43: =report!K2289 -> 10.31 | K43: =report!L2289 -> 7.53 | L43: =report!C2301 -> 0 | M43: =IFERROR(INDEX(report!$K$2291:$K$2305,MATCH("מחלה לקיזוז",report!$I$2291:$I$2305,0)),0) -> 0 | N43: =IFERROR(INDEX(report!$K$2291:$K$2305,MATCH("חל""ת",report!$I$2291:$I$2305,0)),0) -> 0 | O43: =IFERROR(INDEX(report!$K$2291:$K$2305,MATCH("היעדרות",report!$I$2291:$I$2305,0)),0) -> 0 | P43: =IFERROR(INDEX(report!$K$2291:$K$2305,MATCH("חג",report!$I$2291:$I$2305,0)),0) -> 0 | Q43: =IFERROR(INDEX(report!$K$2291:$K$2305,MATCH("ערב חג",report!$I$2291:$I$2305,0)),0) -> 0 | R43: =IFERROR(INDEX(report!$K$2291:$K$2305,MATCH("חול המועד",report!$I$2291:$I$2305,0)),0) -> 0 | S43: =IFERROR(INDEX(report!$K$2291:$K$2305,MATCH("תאונת עבודה",report!$I$2291:$I$2305,0)),0) -> 0 | T43: =IFERROR(INDEX(report!$K$2291:$K$2305,MATCH("חופש",report!$I$2291:$I$2305,0)),0) -> 0 | U43: 10 | V43: =D43-U43 -> 0
A44: 127 | B44: שרון זמן | C44: =report!C827 -> 4 | D44: =report!C828 -> 4 | E44: =IFERROR(INDEX(report!$K$826:$K$840,MATCH("חופשה לחיוב",report!$I$826:$I$840,0)),0) -> 3.5 | F44: =IFERROR(INDEX(report!$K$826:$K$840,MATCH("מחלה",report!$I$826:$I$840,0)),0) -> 0 | G44: =IFERROR(INDEX(report!$K$826:$K$840,MATCH("מילואים",report!$I$826:$I$840,0)),0) -> 0 | H44: =report!G824 -> 36.31 | I44: =report!J824 -> 33.48 | J44: =report!K824 -> 2.6 | K44: =report!L824 -> 0.23 | L44: =report!C836 -> 0 | M44: =IFERROR(INDEX(report!$K$826:$K$840,MATCH("מחלה לקיזוז",report!$I$826:$I$840,0)),0) -> 0 | N44: =IFERROR(INDEX(report!$K$826:$K$840,MATCH("חל""ת",report!$I$826:$I$840,0)),0) -> 0 | O44: =IFERROR(INDEX(report!$K$826:$K$840,MATCH("היעדרות",report!$I$826:$I$840,0)),0) -> 0 | P44: =IFERROR(INDEX(report!$K$826:$K$840,MATCH("חג",report!$I$826:$I$840,0)),0) -> 0 | Q44: =IFERROR(INDEX(report!$K$826:$K$840,MATCH("ערב חג",report!$I$826:$I$840,0)),0) -> 0 | R44: =IFERROR(INDEX(report!$K$826:$K$840,MATCH("חול המועד",report!$I$826:$I$840,0)),0) -> 0 | S44: =IFERROR(INDEX(report!$K$826:$K$840,MATCH("תאונת עבודה",report!$I$826:$I$840,0)),0) -> 0 | T44: =IFERROR(INDEX(report!$K$826:$K$840,MATCH("חופש",report!$I$826:$I$840,0)),0) -> 0 | U44: 4 | V44: =D44-U44 -> 0
A45: קבלן | B45: אמיר אורון | C45: =report!C1037 -> 11 | D45: =report!C1038 -> 22 | E45: =IFERROR(INDEX(report!$K$1036:$K$1050,MATCH("חופשה לחיוב",report!$I$1036:$I$1050,0)),0) -> 1 | F45: =IFERROR(INDEX(report!$K$1036:$K$1050,MATCH("מחלה",report!$I$1036:$I$1050,0)),0) -> 0 | G45: =IFERROR(INDEX(report!$K$1036:$K$1050,MATCH("מילואים",report!$I$1036:$I$1050,0)),0) -> 0 | H45: =report!G1034 -> 69.71 | I45: =report!J1034 -> 69.65 | J45: =report!K1034 -> 0.06 | K45: 0 | L45: =report!C1046 -> 0 | M45: =IFERROR(INDEX(report!$K$1036:$K$1050,MATCH("מחלה לקיזוז",report!$I$1036:$I$1050,0)),0) -> 0 | N45: =IFERROR(INDEX(report!$K$1036:$K$1050,MATCH("חל""ת",report!$I$1036:$I$1050,0)),0) -> 0 | O45: =IFERROR(INDEX(report!$K$1036:$K$1050,MATCH("היעדרות",report!$I$1036:$I$1050,0)),0) -> 0 | P45: =IFERROR(INDEX(report!$K$1036:$K$1050,MATCH("חג",report!$I$1036:$I$1050,0)),0) -> 3 | Q45: =IFERROR(INDEX(report!$K$1036:$K$1050,MATCH("ערב חג",report!$I$1036:$I$1050,0)),0) -> 2 | R45: =IFERROR(INDEX(report!$K$1036:$K$1050,MATCH("חול המועד",report!$I$1036:$I$1050,0)),0) -> 2 | S45: =IFERROR(INDEX(report!$K$1036:$K$1050,MATCH("תאונת עבודה",report!$I$1036:$I$1050,0)),0) -> 0 | T45: =IFERROR(INDEX(report!$K$1036:$K$1050,MATCH("חופש",report!$I$1036:$I$1050,0)),0) -> 0 | U45: =22-M45-N45-O45 -> 22 | V45: =D45-U45 -> 0
A46: קבלן | B46: דוד וורטמן | C46: =report!C410 -> 5 | D46: =report!C411 -> 22 | E46: =IFERROR(INDEX(report!$K$409:$K$423,MATCH("חופשה לחיוב",report!$I$409:$I$423,0)),0) -> 3.5 | F46: =IFERROR(INDEX(report!$K$409:$K$423,MATCH("מחלה",report!$I$409:$I$423,0)),0) -> 0 | G46: =IFERROR(INDEX(report!$K$409:$K$423,MATCH("מילואים",report!$I$409:$I$423,0)),0) -> 0 | H46: =report!G407 -> 42.21 | I46: =report!J407 -> 41.78 | J46: =report!K407 -> 0.43 | K46: 0 | L46: =report!C419 -> 0 | M46: =IFERROR(INDEX(report!$K$409:$K$423,MATCH("מחלה לקיזוז",report!$I$409:$I$423,0)),0) -> 0 | N46: =IFERROR(INDEX(report!$K$409:$K$423,MATCH("חל""ת",report!$I$409:$I$423,0)),0) -> 0 | O46: =IFERROR(INDEX(report!$K$409:$K$423,MATCH("היעדרות",report!$I$409:$I$423,0)),0) -> 0 | P46: =IFERROR(INDEX(report!$K$409:$K$423,MATCH("חג",report!$I$409:$I$423,0)),0) -> 3 | Q46: =IFERROR(INDEX(report!$K$409:$K$423,MATCH("ערב חג",report!$I$409:$I$423,0)),0) -> 3 | R46: =IFERROR(INDEX(report!$K$409:$K$423,MATCH("חול המועד",report!$I$409:$I$423,0)),0) -> 2 | S46: =IFERROR(INDEX(report!$K$409:$K$423,MATCH("תאונת עבודה",report!$I$409:$I$423,0)),0) -> 0 | T46: =IFERROR(INDEX(report!$K$409:$K$423,MATCH("חופש",report!$I$409:$I$423,0)),0) -> 0 | U46: =22-M46-N46-O46 -> 22 | V46: =D46-U46 -> 0
A47: סה"כ | C47: =SUM(C4:C46) -> 492 | D47: =SUM(D4:D46) -> 873.5 | E47: =SUM(E4:E46) -> 90.5 | F47: =SUM(F4:F46) -> 11 | G47: =SUM(G4:G46) -> 222 | H47: =SUM(H4:H46) -> 4154.38 | I47: =SUM(I4:I46) -> 3796.11 | J47: =SUM(J4:J46) -> 299.45 | ... V47: =SUM(V4:V46) -> -6

Sheet 1.סיכום ימים
A1: 1. סיכום ימים - דינמי (נוסחאות מ-report)
A3: מס' עובד | B3: שם עובד | C3: ימי נוכחות | D3: חופש קיים | E3: חופשה לחיוב | F3: סה"כ חופשה | G3: מילואים | H3: תאונת עבודה | I3: ימי מחלה | J3: מחלה לקיזוז | K3: חג | L3: ערב חג | M3: חוה"מ | N3: ימים משולמים | O3: סטטוס | P3: הערה | Q3: חל"ת | R3: היעדרות
A4: 2 | B4: אבישי לייבנזון | C4: =report!C931 -> 0 | D4: =IFERROR(INDEX(report!$K$930:$K$944,MATCH("חופש",report!$I$930:$I$944,0)),0) -> 0 | E4: =IFERROR(INDEX(report!$K$930:$K$944,MATCH("חופשה לחיוב",report!$I$930:$I$944,0)),0) -> 3.5 | F4: =E4 -> 3.5 | G4: =IFERROR(INDEX(report!$K$930:$K$944,MATCH("מילואים",report!$I$930:$I$944,0)),0) -> 0 | H4: =IFERROR(INDEX(report!$K$930:$K$944,MATCH("תאונת עבודה",report!$I$930:$I$944,0)),0) -> 0 | I4: =IFERROR(INDEX(report!$K$930:$K$944,MATCH("מחלה",report!$I$930:$I$944,0)),0) -> 0 | J4: =IFERROR(INDEX(report!$K$930:$K$944,MATCH("מחלה לקיזוז",report!$I$930:$I$944,0)),0) -> 0 | K4: =IFERROR(INDEX(report!$K$930:$K$944,MATCH("חג",report!$I$930:$I$944,0)),0) -> 3 | L4: =IFERROR(INDEX(report!$K$930:$K$944,MATCH("ערב חג",report!$I$930:$I$944,0)),0) -> 3 | M4: =IFERROR(INDEX(report!$K$930:$K$944,MATCH("חול המועד",report!$I$930:$I$944,0)),0) -> 2 | N4: =report!C932 -> 22 | O4: ✓ | Q4: =IFERROR(INDEX(report!$K$930:$K$944,MATCH("חל""ת",report!$I$930:$I$944,0)),0) -> 0 | R4: =IFERROR(INDEX(report!$K$930:$K$944,MATCH("היעדרות",report!$I$930:$I$944,0)),0) -> 0
A5: 7 | B5: חיים ראש | C5: =report!C514 -> 12 | D5: =IFERROR(INDEX(report!$K$513:$K$527,MATCH("חופש",report!$I$513:$I$527,0)),0) -> 2 | E5: =IFERROR(INDEX(report!$K$513:$K$527,MATCH("חופשה לחיוב",report!$I$513:$I$527,0)),0) -> 4.5 | F5: =E5 -> 4.5 | G5: =IFERROR(INDEX(report!$K$513:$K$527,MATCH("מילואים",report!$I$513:$I$527,0)),0) -> 0 | H5: =IFERROR(INDEX(report!$K$513:$K$527,MATCH("תאונת עבודה",report!$I$513:$I$527,0)),0) -> 0 | I5: =IFERROR(INDEX(report!$K$513:$K$527,MATCH("מחלה",report!$I$513:$I$527,0)),0) -> 0 | J5: =IFERROR(INDEX(report!$K$513:$K$527,MATCH("מחלה לקיזוז",report!$I$513:$I$527,0)),0) -> 0 | K5: =IFERROR(INDEX(report!$K$513:$K$527,MATCH("חג",report!$I$513:$I$527,0)),0) -> 3 | L5: =IFERROR(INDEX(report!$K$513:$K$527,MATCH("ערב חג",report!$I$513:$I$527,0)),0) -> 3 | M5: =IFERROR(INDEX(report!$K$513:$K$527,MATCH("חול המועד",report!$I$513:$I$527,0)),0) -> 2 | N5: =report!C515 -> 21 | O5: ✓ | Q5: =IFERROR(INDEX(report!$K$513:$K$527,MATCH("חל""ת",report!$I$513:$I$527,0)),0) -> 0 | R5: =IFERROR(INDEX(report!$K$513:$K$527,MATCH("היעדרות",report!$I$513:$I$527,0)),0) -> 0
A6: 8 | B6: דוד אחדות | C6: =report!C358 -> 12 | D6: =IFERROR(INDEX(report!$K$357:$K$371,MATCH("חופש",report!$I$357:$I$371,0)),0) -> 2 | E6: =IFERROR(INDEX(report!$K$357:$K$371,MATCH("חופשה לחיוב",report!$I$357:$I$371,0)),0) -> 5.5 | F6: =E6 -> 5.5 | G6: =IFERROR(INDEX(report!$K$357:$K$371,MATCH("מילואים",report!$I$357:$I$371,0)),0) -> 0 | H6: =IFERROR(INDEX(report!$K$357:$K$371,MATCH("תאונת עבודה",report!$I$357:$I$371,0)),0) -> 0 | I6: =IFERROR(INDEX(report!$K$357:$K$371,MATCH("מחלה",report!$I$357:$I$371,0)),0) -> 0 | J6: =IFERROR(INDEX(report!$K$357:$K$371,MATCH("מחלה לקיזוז",report!$I$357:$I$371,0)),0) -> 0 | K6: =IFERROR(INDEX(report!$K$357:$K$371,MATCH("חג",report!$I$357:$I$371,0)),0) -> 3 | L6: =IFERROR(INDEX(report!$K$357:$K$371,MATCH("ערב חג",report!$I$357:$I$371,0)),0) -> 3 | M6: =IFERROR(INDEX(report!$K$357:$K$371,MATCH("חול המועד",report!$I$357:$I$371,0)),0) -> 2 | N6: =report!C359 -> 22 | O6: ✓ | Q6: =IFERROR(INDEX(report!$K$357:$K$371,MATCH("חל""ת",report!$I$357:$I$371,0)),0) -> 0 | R6: =IFERROR(INDEX(report!$K$357:$K$371,MATCH("היעדרות",report!$I$357:$I$371,0)),0) -> 0
A7: 11 | B7: לוי דביש | C7: =report!C566 -> 12 | D7: =IFERROR(INDEX(report!$K$565:$K$579,MATCH("חופש",report!$I$565:$I$579,0)),0) -> 0 | E7: =IFERROR(INDEX(report!$K$565:$K$579,MATCH("חופשה לחיוב",report!$I$565:$I$579,0)),0) -> 1.5 | F7: =E7 -> 1.5 | G7: =IFERROR(INDEX(report!$K$565:$K$579,MATCH("מילואים",report!$I$565:$I$579,0)),0) -> 0 | H7: =IFERROR(INDEX(report!$K$565:$K$579,MATCH("תאונת עבודה",report!$I$565:$I$579,0)),0) -> 0 | I7: =IFERROR(INDEX(report!$K$565:$K$579,MATCH("מחלה",report!$I$565:$I$579,0)),0) -> 0 | J7: =IFERROR(INDEX(report!$K$565:$K$579,MATCH("מחלה לקיזוז",report!$I$565:$I$579,0)),0) -> 0 | K7: =IFERROR(INDEX(report!$K$565:$K$579,MATCH("חג",report!$I$565:$I$579,0)),0) -> 3 | L7: =IFERROR(INDEX(report!$K$565:$K$579,MATCH("ערב חג",report!$I$565:$I$579,0)),0) -> 3 | M7: =IFERROR(INDEX(report!$K$565:$K$579,MATCH("חול המועד",report!$I$565:$I$579,0)),0) -> 2 | N7: =report!C567 -> 20 | O7: ✓ | Q7: =IFERROR(INDEX(report!$K$565:$K$579,MATCH("חל""ת",report!$I$565:$I$579,0)),0) -> 0 | R7: =IFERROR(INDEX(report!$K$565:$K$579,MATCH("היעדרות",report!$I$565:$I$579,0)),0) -> 2
A8: 22 | B8: אפרים רחמנוב | C8: =report!C201 -> 14 | D8: =IFERROR(INDEX(report!$K$200:$K$214,MATCH("חופש",report!$I$200:$I$214,0)),0) -> 2 | E8: =IFERROR(INDEX(report!$K$200:$K$214,MATCH("חופשה לחיוב",report!$I$200:$I$214,0)),0) -> 3.5 | F8: =E8 -> 3.5 | G8: =IFERROR(INDEX(report!$K$200:$K$214,MATCH("מילואים",report!$I$200:$I$214,0)),0) -> 0 | H8: =IFERROR(INDEX(report!$K$200:$K$214,MATCH("תאונת עבודה",report!$I$200:$I$214,0)),0) -> 0 | I8: =IFERROR(INDEX(report!$K$200:$K$214,MATCH("מחלה",report!$I$200:$I$214,0)),0) -> 0 | J8: =IFERROR(INDEX(report!$K$200:$K$214,MATCH("מחלה לקיזוז",report!$I$200:$I$214,0)),0) -> 0 | K8: =IFERROR(INDEX(report!$K$200:$K$214,MATCH("חג",report!$I$200:$I$214,0)),0) -> 3 | L8: =IFERROR(INDEX(report!$K$200:$K$214,MATCH("ערב חג",report!$I$200:$I$214,0)),0) -> 3 | M8: =IFERROR(INDEX(report!$K$200:$K$214,MATCH("חול המועד",report!$I$200:$I$214,0)),0) -> 0 | N8: =report!C202 -> 22 | O8: ✓ | Q8: =IFERROR(INDEX(report!$K$200:$K$214,MATCH("חל""ת",report!$I$200:$I$214,0)),0) -> 0 | R8: =IFERROR(INDEX(report!$K$200:$K$214,MATCH("היעדרות",report!$I$200:$I$214,0)),0) -> 0
A9: 54 | B9: דוד לוי | C9: =report!C1142 -> 10 | D9: =IFERROR(INDEX(report!$K$1141:$K$1155,MATCH("חופש",report!$I$1141:$I$1155,0)),0) -> 1 | E9: =IFERROR(INDEX(report!$K$1141:$K$1155,MATCH("חופשה לחיוב",report!$I$1141:$I$1155,0)),0) -> 4 | F9: =E9 -> 4 | G9: =IFERROR(INDEX(report!$K$1141:$K$1155,MATCH("מילואים",report!$I$1141:$I$1155,0)),0) -> 0 | H9: =IFERROR(INDEX(report!$K$1141:$K$1155,MATCH("תאונת עבודה",report!$I$1141:$I$1155,0)),0) -> 0 | I9: =IFERROR(INDEX(report!$K$1141:$K$1155,MATCH("מחלה",report!$I$1141:$I$1155,0)),0) -> 4 | J9: =IFERROR(INDEX(report!$K$1141:$K$1155,MATCH("מחלה לקיזוז",report!$I$1141:$I$1155,0)),0) -> 2 | K9: =IFERROR(INDEX(report!$K$1141:$K$1155,MATCH("חג",report!$I$1141:$I$1155,0)),0) -> 3 | L9: =IFERROR(INDEX(report!$K$1141:$K$1155,MATCH("ערב חג",report!$I$1141:$I$1155,0)),0) -> 2 | M9: =IFERROR(INDEX(report!$K$1141:$K$1155,MATCH("חול המועד",report!$I$1141:$I$1155,0)),0) -> 2 | N9: =report!C1143 -> 18 | O9: ✓ | Q9: =IFERROR(INDEX(report!$K$1141:$K$1155,MATCH("חל""ת",report!$I$1141:$I$1155,0)),0) -> 2 | R9: =IFERROR(INDEX(report!$K$1141:$K$1155,MATCH("היעדרות",report!$I$1141:$I$1155,0)),0) -> 0
A10: 60 | B10: אבי בנג'ו | C10: =report!C1612 -> 15 | D10: =IFERROR(INDEX(report!$K$1611:$K$1625,MATCH("חופש",report!$I$1611:$I$1625,0)),0) -> 2 | E10: =IFERROR(INDEX(report!$K$1611:$K$1625,MATCH("חופשה לחיוב",report!$I$1611:$I$1625,0)),0) -> 3 | F10: =E10 -> 3 | G10: =IFERROR(INDEX(report!$K$1611:$K$1625,MATCH("מילואים",report!$I$1611:$I$1625,0)),0) -> 0 | H10: =IFERROR(INDEX(report!$K$1611:$K$1625,MATCH("תאונת עבודה",report!$I$1611:$I$1625,0)),0) -> 0 | I10: =IFERROR(INDEX(report!$K$1611:$K$1625,MATCH("מחלה",report!$I$1611:$I$1625,0)),0) -> 0 | J10: =IFERROR(INDEX(report!$K$1611:$K$1625,MATCH("מחלה לקיזוז",report!$I$1611:$I$1625,0)),0) -> 0 | K10: =IFERROR(INDEX(report!$K$1611:$K$1625,MATCH("חג",report!$I$1611:$I$1625,0)),0) -> 3 | L10: =IFERROR(INDEX(report!$K$1611:$K$1625,MATCH("ערב חג",report!$I$1611:$I$1625,0)),0) -> 2 | M10: =IFERROR(INDEX(report!$K$1611:$K$1625,MATCH("חול המועד",report!$I$1611:$I$1625,0)),0) -> 0 | N10: =report!C1613 -> 22 | O10: ✓ | Q10: =IFERROR(INDEX(report!$K$1611:$K$1625,MATCH("חל""ת",report!$I$1611:$I$1625,0)),0) -> 0 | R10: =IFERROR(INDEX(report!$K$1611:$K$1625,MATCH("היעדרות",report!$I$1611:$I$1625,0)),0) -> 0
A11: 62 | B11: לוי דור | C11: =report!C1924 -> 3 | D11: =IFERROR(INDEX(report!$K$1923:$K$1937,MATCH("חופש",report!$I$1923:$I$1937,0)),0) -> 2 | E11: =IFERROR(INDEX(report!$K$1923:$K$1937,MATCH("חופשה לחיוב",report!$I$1923:$I$1937,0)),0) -> 5 | F11: =E11 -> 5 | G11: =IFERROR(INDEX(report!$K$1923:$K$1937,MATCH("מילואים",report!$I$1923:$I$1937,0)),0) -> 15 | H11: =IFERROR(INDEX(report!$K$1923:$K$1937,MATCH("תאונת עבודה",report!$I$1923:$I$1937,0)),0) -> 0 | I11: =IFERROR(INDEX(report!$K$1923:$K$1937,MATCH("מחלה",report!$I$1923:$I$1937,0)),0) -> 0 | J11: =IFERROR(INDEX(report!$K$1923:$K$1937,MATCH("מחלה לקיזוז",report!$I$1923:$I$1937,0)),0) -> 0 | K11: =IFERROR(INDEX(report!$K$1923:$K$1937,MATCH("חג",report!$I$1923:$I$1937,0)),0) -> 3 | L11: =IFERROR(INDEX(report!$K$1923:$K$1937,MATCH("ערב חג",report!$I$1923:$I$1937,0)),0) -> 2 | M11: =IFERROR(INDEX(report!$K$1923:$K$1937,MATCH("חול המועד",report!$I$1923:$I$1937,0)),0) -> 2 | N11: =report!C1925 -> 22 | O11: ✓ | Q11: =IFERROR(INDEX(report!$K$1923:$K$1937,MATCH("חל""ת",report!$I$1923:$I$1937,0)),0) -> 0 | R11: =IFERROR(INDEX(report!$K$1923:$K$1937,MATCH("היעדרות",report!$I$1923:$I$1937,0)),0) -> 0
A12: 64 | B12: צחי חנגל | C12: =report!C2188 -> 12 | D12: =IFERROR(INDEX(report!$K$2187:$K$2201,MATCH("חופש",report!$I$2187:$I$2201,0)),0) -> 0 | E12: =IFERROR(INDEX(report!$K$2187:$K$2201,MATCH("חופשה לחיוב",report!$I$2187:$I$2201,0)),0) -> 3 | F12: =E12 -> 3 | G12: =IFERROR(INDEX(report!$K$2187:$K$2201,MATCH("מילואים",report!$I$2187:$I$2201,0)),0) -> 1 | H12: =IFERROR(INDEX(report!$K$2187:$K$2201,MATCH("תאונת עבודה",report!$I$2187:$I$2201,0)),0) -> 0 | I12: =IFERROR(INDEX(report!$K$2187:$K$2201,MATCH("מחלה",report!$I$2187:$I$2201,0)),0) -> 2 | J12: =IFERROR(INDEX(report!$K$2187:$K$2201,MATCH("מחלה לקיזוז",report!$I$2187:$I$2201,0)),0) -> 1.5 | K12: =IFERROR(INDEX(report!$K$2187:$K$2201,MATCH("חג",report!$I$2187:$I$2201,0)),0) -> 3 | L12: =IFERROR(INDEX(report!$K$2187:$K$2201,MATCH("ערב חג",report!$I$2187:$I$2201,0)),0) -> 2 | M12: =IFERROR(INDEX(report!$K$2187:$K$2201,MATCH("חול המועד",report!$I$2187:$I$2201,0)),0) -> 2 | N12: =report!C2189 -> 20.5 | O12: ✓ | Q12: =IFERROR(INDEX(report!$K$2187:$K$2201,MATCH("חל""ת",report!$I$2187:$I$2201,0)),0) -> 0 | R12: =IFERROR(INDEX(report!$K$2187:$K$2201,MATCH("היעדרות",report!$I$2187:$I$2201,0)),0) -> 0
A13: 65 | B13: שלמה לסנר | C13: =report!C775 -> 18 | D13: =IFERROR(INDEX(report!$K$774:$K$788,MATCH("חופש",report!$I$774:$I$788,0)),0) -> 0 | E13: =IFERROR(INDEX(report!$K$774:$K$788,MATCH("חופשה לחיוב",report!$I$774:$I$788,0)),0) -> 0.5 | F13: =E13 -> 0.5 | G13: =IFERROR(INDEX(report!$K$774:$K$788,MATCH("מילואים",report!$I$774:$I$788,0)),0) -> 0 | H13: =IFERROR(INDEX(report!$K$774:$K$788,MATCH("תאונת עבודה",report!$I$774:$I$788,0)),0) -> 0 | I13: =IFERROR(INDEX(report!$K$774:$K$788,MATCH("מחלה",report!$I$774:$I$788,0)),0) -> 0 | J13: =IFERROR(INDEX(report!$K$774:$K$788,MATCH("מחלה לקיזוז",report!$I$774:$I$788,0)),0) -> 0 | K13: =IFERROR(INDEX(report!$K$774:$K$788,MATCH("חג",report!$I$774:$I$788,0)),0) -> 3 | L13: =IFERROR(INDEX(report!$K$774:$K$788,MATCH("ערב חג",report!$I$774:$I$788,0)),0) -> 1 | M13: =IFERROR(INDEX(report!$K$774:$K$788,MATCH("חול המועד",report!$I$774:$I$788,0)),0) -> 2 | N13: =report!C776 -> 22 | O13: ✓ | Q13: =IFERROR(INDEX(report!$K$774:$K$788,MATCH("חל""ת",report!$I$774:$I$788,0)),0) -> 0 | R13: =IFERROR(INDEX(report!$K$774:$K$788,MATCH("היעדרות",report!$I$774:$I$788,0)),0) -> 0
A14: 66 | B14: מיכאל רפאל | C14: =report!C1980 -> 17 | D14: =IFERROR(INDEX(report!$K$1979:$K$1993,MATCH("חופש",report!$I$1979:$I$1993,0)),0) -> 0 | E14: =IFERROR(INDEX(report!$K$1979:$K$1993,MATCH("חופשה לחיוב",report!$I$1979:$I$1993,0)),0) -> 2 | F14: =E14 -> 2 | G14: =IFERROR(INDEX(report!$K$1979:$K$1993,MATCH("מילואים",report!$I$1979:$I$1993,0)),0) -> 0 | H14: =IFERROR(INDEX(report!$K$1979:$K$1993,MATCH("תאונת עבודה",report!$I$1979:$I$1993,0)),0) -> 0 | I14: =IFERROR(INDEX(report!$K$1979:$K$1993,MATCH("מחלה",report!$I$1979:$I$1993,0)),0) -> 0 | J14: =IFERROR(INDEX(report!$K$1979:$K$1993,MATCH("מחלה לקיזוז",report!$I$1979:$I$1993,0)),0) -> 0 | K14: =IFERROR(INDEX(report!$K$1979:$K$1993,MATCH("חג",report!$I$1979:$I$1993,0)),0) -> 3 | L14: =IFERROR(INDEX(report!$K$1979:$K$1993,MATCH("ערב חג",report!$I$1979:$I$1993,0)),0) -> 0 | M14: =IFERROR(INDEX(report!$K$1979:$K$1993,MATCH("חול המועד",report!$I$1979:$I$1993,0)),0) -> 2 | N14: =report!C1981 -> 22 | O14: ✓ | Q14: =IFERROR(INDEX(report!$K$1979:$K$1993,MATCH("חל""ת",report!$I$1979:$I$1993,0)),0) -> 0 | R14: =IFERROR(INDEX(report!$K$1979:$K$1993,MATCH("היעדרות",report!$I$1979:$I$1993,0)),0) -> 0
A15: 75 | B15: אייל מלח | C15: =report!C1716 -> 11 | D15: =IFERROR(INDEX(report!$K$1715:$K$1729,MATCH("חופש",report!$I$1715:$I$1729,0)),0) -> 0 | E15: =IFERROR(INDEX(report!$K$1715:$K$1729,MATCH("חופשה לחיוב",report!$I$1715:$I$1729,0)),0) -> 0 | F15: =E15 -> 0 | G15: =IFERROR(INDEX(report!$K$1715:$K$1729,MATCH("מילואים",report!$I$1715:$I$1729,0)),0) -> 30 | H15: =IFERROR(INDEX(report!$K$1715:$K$1729,MATCH("תאונת עבודה",report!$I$1715:$I$1729,0)),0) -> 0 | I15: =IFERROR(INDEX(report!$K$1715:$K$1729,MATCH("מחלה",report!$I$1715:$I$1729,0)),0) -> 0 | J15: =IFERROR(INDEX(report!$K$1715:$K$1729,MATCH("מחלה לקיזוז",report!$I$1715:$I$1729,0)),0) -> 0 | K15: =IFERROR(INDEX(report!$K$1715:$K$1729,MATCH("חג",report!$I$1715:$I$1729,0)),0) -> 0 | L15: =IFERROR(INDEX(report!$K$1715:$K$1729,MATCH("ערב חג",report!$I$1715:$I$1729,0)),0) -> 0 | M15: =IFERROR(INDEX(report!$K$1715:$K$1729,MATCH("חול המועד",report!$I$1715:$I$1729,0)),0) -> 0 | N15: =report!C1717 -> 22 | O15: ✓ | Q15: =IFERROR(INDEX(report!$K$1715:$K$1729,MATCH("חל""ת",report!$I$1715:$I$1729,0)),0) -> 0 | R15: =IFERROR(INDEX(report!$K$1715:$K$1729,MATCH("היעדרות",report!$I$1715:$I$1729,0)),0) -> 0
A16: 76 | B16: מנפרד מרקוביץ' | C16: =report!C2032 -> 8 | D16: =IFERROR(INDEX(report!$K$2031:$K$2045,MATCH("חופש",report!$I$2031:$I$2045,0)),0) -> 0 | E16: =IFERROR(INDEX(report!$K$2031:$K$2045,MATCH("חופשה לחיוב",report!$I$2031:$I$2045,0)),0) -> 0 | F16: =E16 -> 0 | G16: =IFERROR(INDEX(report!$K$2031:$K$2045,MATCH("מילואים",report!$I$2031:$I$2045,0)),0) -> 23 | H16: =IFERROR(INDEX(report!$K$2031:$K$2045,MATCH("תאונת עבודה",report!$I$2031:$I$2045,0)),0) -> 0 | I16: =IFERROR(INDEX(report!$K$2031:$K$2045,MATCH("מחלה",report!$I$2031:$I$2045,0)),0) -> 0 | J16: =IFERROR(INDEX(report!$K$2031:$K$2045,MATCH("מחלה לקיזוז",report!$I$2031:$I$2045,0)),0) -> 0 | K16: =IFERROR(INDEX(report!$K$2031:$K$2045,MATCH("חג",report!$I$2031:$I$2045,0)),0) -> 3 | L16: =IFERROR(INDEX(report!$K$2031:$K$2045,MATCH("ערב חג",report!$I$2031:$I$2045,0)),0) -> 0 | M16: =IFERROR(INDEX(report!$K$2031:$K$2045,MATCH("חול המועד",report!$I$2031:$I$2045,0)),0) -> 0 | N16: =report!C2033 -> 22 | O16: ✓ | Q16: =IFERROR(INDEX(report!$K$2031:$K$2045,MATCH("חל""ת",report!$I$2031:$I$2045,0)),0) -> 0 | R16: =IFERROR(INDEX(report!$K$2031:$K$2045,MATCH("היעדרות",report!$I$2031:$I$2045,0)),0) -> 0
A17: 78 | B17: אורן סרויה | C17: =report!C1090 -> 16 | D17: =IFERROR(INDEX(report!$K$1089:$K$1103,MATCH("חופש",report!$I$1089:$I$1103,0)),0) -> 1 | E17: =IFERROR(INDEX(report!$K$1089:$K$1103,MATCH("חופשה לחיוב",report!$I$1089:$I$1103,0)),0) -> 2 | F17: =E17 -> 2 | G17: =IFERROR(INDEX(report!$K$1089:$K$1103,MATCH("מילואים",report!$I$1089:$I$1103,0)),0) -> 0 | H17: =IFERROR(INDEX(report!$K$1089:$K$1103,MATCH("תאונת עבודה",report!$I$1089:$I$1103,0)),0) -> 0 | I17: =IFERROR(INDEX(report!$K$1089:$K$1103,MATCH("מחלה",report!$I$1089:$I$1103,0)),0) -> 0 | J17: =IFERROR(INDEX(report!$K$1089:$K$1103,MATCH("מחלה לקיזוז",report!$I$1089:$I$1103,0)),0) -> 0 | K17: =IFERROR(INDEX(report!$K$1089:$K$1103,MATCH("חג",report!$I$1089:$I$1103,0)),0) -> 3 | L17: =IFERROR(INDEX(report!$K$1089:$K$1103,MATCH("ערב חג",report!$I$1089:$I$1103,0)),0) -> 2 | M17: =IFERROR(INDEX(report!$K$1089:$K$1103,MATCH("חול המועד",report!$I$1089:$I$1103,0)),0) -> 2 | N17: =report!C1091 -> 22 | O17: ✓ | Q17: =IFERROR(INDEX(report!$K$1089:$K$1103,MATCH("חל""ת",report!$I$1089:$I$1103,0)),0) -> 0 | R17: =IFERROR(INDEX(report!$K$1089:$K$1103,MATCH("היעדרות",report!$I$1089:$I$1103,0)),0) -> 0
A18: 86 | B18: נתן פרדר | C18: =report!C1508 -> 14 | D18: =IFERROR(INDEX(report!$K$1507:$K$1521,MATCH("חופש",report!$I$1507:$I$1521,0)),0) -> 0 | E18: =IFERROR(INDEX(report!$K$1507:$K$1521,MATCH("חופשה לחיוב",report!$I$1507:$I$1521,0)),0) -> 0 | F18: =E18 -> 0 | G18: =IFERROR(INDEX(report!$K$1507:$K$1521,MATCH("מילואים",report!$I$1507:$I$1521,0)),0) -> 23 | H18: =IFERROR(INDEX(report!$K$1507:$K$1521,MATCH("תאונת עבודה",report!$I$1507:$I$1521,0)),0) -> 0 | I18: =IFERROR(INDEX(report!$K$1507:$K$1521,MATCH("מחלה",report!$I$1507:$I$1521,0)),0) -> 0 | J18: =IFERROR(INDEX(report!$K$1507:$K$1521,MATCH("מחלה לקיזוז",report!$I$1507:$I$1521,0)),0) -> 0 | K18: =IFERROR(INDEX(report!$K$1507:$K$1521,MATCH("חג",report!$I$1507:$I$1521,0)),0) -> 3 | L18: =IFERROR(INDEX(report!$K$1507:$K$1521,MATCH("ערב חג",report!$I$1507:$I$1521,0)),0) -> 0 | M18: =IFERROR(INDEX(report!$K$1507:$K$1521,MATCH("חול המועד",report!$I$1507:$I$1521,0)),0) -> 0 | N18: =report!C1509 -> 22 | O18: ✓ | Q18: =IFERROR(INDEX(report!$K$1507:$K$1521,MATCH("חל""ת",report!$I$1507:$I$1521,0)),0) -> 0 | R18: =IFERROR(INDEX(report!$K$1507:$K$1521,MATCH("היעדרות",report!$I$1507:$I$1521,0)),0) -> 0
A19: 87 | B19: רום יחיא | C19: =report!C1560 -> 6 | D19: =IFERROR(INDEX(report!$K$1559:$K$1573,MATCH("חופש",report!$I$1559:$I$1573,0)),0) -> 0 | E19: =IFERROR(INDEX(report!$K$1559:$K$1573,MATCH("חופשה לחיוב",report!$I$1559:$I$1573,0)),0) -> 0 | F19: =E19 -> 0 | G19: =IFERROR(INDEX(report!$K$1559:$K$1573,MATCH("מילואים",report!$I$1559:$I$1573,0)),0) -> 0 | H19: =IFERROR(INDEX(report!$K$1559:$K$1573,MATCH("תאונת עבודה",report!$I$1559:$I$1573,0)),0) -> 0 | I19: =IFERROR(INDEX(report!$K$1559:$K$1573,MATCH("מחלה",report!$I$1559:$I$1573,0)),0) -> 0 | J19: =IFERROR(INDEX(report!$K$1559:$K$1573,MATCH("מחלה לקיזוז",report!$I$1559:$I$1573,0)),0) -> 0 | K19: =IFERROR(INDEX(report!$K$1559:$K$1573,MATCH("חג",report!$I$1559:$I$1573,0)),0) -> 1 | L19: =IFERROR(INDEX(report!$K$1559:$K$1573,MATCH("ערב חג",report!$I$1559:$I$1573,0)),0) -> 0 | M19: =IFERROR(INDEX(report!$K$1559:$K$1573,MATCH("חול המועד",report!$I$1559:$I$1573,0)),0) -> 0 | N19: =report!C1561 -> 7 | O19: ✓ | Q19: =IFERROR(INDEX(report!$K$1559:$K$1573,MATCH("חל""ת",report!$I$1559:$I$1573,0)),0) -> 15 | R19: =IFERROR(INDEX(report!$K$1559:$K$1573,MATCH("היעדרות",report!$I$1559:$I$1573,0)),0) -> 0
A20: 92 | B20: לאון שמייב | C20: =report!C1403 -> 14 | D20: =IFERROR(INDEX(report!$K$1402:$K$1416,MATCH("חופש",report!$I$1402:$I$1416,0)),0) -> 0 | E20: =IFERROR(INDEX(report!$K$1402:$K$1416,MATCH("חופשה לחיוב",report!$I$1402:$I$1416,0)),0) -> 1 | F20: =E20 -> 1 | G20: =IFERROR(INDEX(report!$K$1402:$K$1416,MATCH("מילואים",report!$I$1402:$I$1416,0)),0) -> 3 | H20: =IFERROR(INDEX(report!$K$1402:$K$1416,MATCH("תאונת עבודה",report!$I$1402:$I$1416,0)),0) -> 0 | I20: =IFERROR(INDEX(report!$K$1402:$K$1416,MATCH("מחלה",report!$I$1402:$I$1416,0)),0) -> 0 | J20: =IFERROR(INDEX(report!$K$1402:$K$1416,MATCH("מחלה לקיזוז",report!$I$1402:$I$1416,0)),0) -> 0 | K20: =IFERROR(INDEX(report!$K$1402:$K$1416,MATCH("חג",report!$I$1402:$I$1416,0)),0) -> 3 | L20: =IFERROR(INDEX(report!$K$1402:$K$1416,MATCH("ערב חג",report!$I$1402:$I$1416,0)),0) -> 2 | M20: =IFERROR(INDEX(report!$K$1402:$K$1416,MATCH("חול המועד",report!$I$1402:$I$1416,0)),0) -> 0 | N20: =report!C1404 -> 22 | O20: ✓ | Q20: =IFERROR(INDEX(report!$K$1402:$K$1416,MATCH("חל""ת",report!$I$1402:$I$1416,0)),0) -> 0 | R20: =IFERROR(INDEX(report!$K$1402:$K$1416,MATCH("היעדרות",report!$I$1402:$I$1416,0)),0) -> 0
A21: 93 | B21: יום טוב מוסארי | C21: =report!C1351 -> 17 | D21: =IFERROR(INDEX(report!$K$1350:$K$1364,MATCH("חופש",report!$I$1350:$I$1364,0)),0) -> 0 | E21: =IFERROR(INDEX(report!$K$1350:$K$1364,MATCH("חופשה לחיוב",report!$I$1350:$I$1364,0)),0) -> 0 | F21: =E21 -> 0 | G21: =IFERROR(INDEX(report!$K$1350:$K$1364,MATCH("מילואים",report!$I$1350:$I$1364,0)),0) -> 14 | H21: =IFERROR(INDEX(report!$K$1350:$K$1364,MATCH("תאונת עבודה",report!$I$1350:$I$1364,0)),0) -> 0 | I21: =IFERROR(INDEX(report!$K$1350:$K$1364,MATCH("מחלה",report!$I$1350:$I$1364,0)),0) -> 0 | J21: =IFERROR(INDEX(report!$K$1350:$K$1364,MATCH("מחלה לקיזוז",report!$I$1350:$I$1364,0)),0) -> 0 | K21: =IFERROR(INDEX(report!$K$1350:$K$1364,MATCH("חג",report!$I$1350:$I$1364,0)),0) -> 3 | L21: =IFERROR(INDEX(report!$K$1350:$K$1364,MATCH("ערב חג",report!$I$1350:$I$1364,0)),0) -> 0 | M21: =IFERROR(INDEX(report!$K$1350:$K$1364,MATCH("חול המועד",report!$I$1350:$I$1364,0)),0) -> 0 | N21: =report!C1352 -> 22 | O21: ✓ | Q21: =IFERROR(INDEX(report!$K$1350:$K$1364,MATCH("חל""ת",report!$I$1350:$I$1364,0)),0) -> 0 | R21: =IFERROR(INDEX(report!$K$1350:$K$1364,MATCH("היעדרות",report!$I$1350:$I$1364,0)),0) -> 0
A22: 94 | B22: טל ניב | C22: =report!C1820 -> 19 | D22: =IFERROR(INDEX(report!$K$1819:$K$1833,MATCH("חופש",report!$I$1819:$I$1833,0)),0) -> 0 | E22: =IFERROR(INDEX(report!$K$1819:$K$1833,MATCH("חופשה לחיוב",report!$I$1819:$I$1833,0)),0) -> 0 | F22: =E22 -> 0 | G22: =IFERROR(INDEX(report!$K$1819:$K$1833,MATCH("מילואים",report!$I$1819:$I$1833,0)),0) -> 0 | H22: =IFERROR(INDEX(report!$K$1819:$K$1833,MATCH("תאונת עבודה",report!$I$1819:$I$1833,0)),0) -> 0 | I22: =IFERROR(INDEX(report!$K$1819:$K$1833,MATCH("מחלה",report!$I$1819:$I$1833,0)),0) -> 0 | J22: =IFERROR(INDEX(report!$K$1819:$K$1833,MATCH("מחלה לקיזוז",report!$I$1819:$I$1833,0)),0) -> 0 | K22: =IFERROR(INDEX(report!$K$1819:$K$1833,MATCH("חג",report!$I$1819:$I$1833,0)),0) -> 3 | L22: =IFERROR(INDEX(report!$K$1819:$K$1833,MATCH("ערב חג",report!$I$1819:$I$1833,0)),0) -> 0 | M22: =IFERROR(INDEX(report!$K$1819:$K$1833,MATCH("חול המועד",report!$I$1819:$I$1833,0)),0) -> 2 | N22: =report!C1821 -> 22 | O22: ✓ | Q22: =IFERROR(INDEX(report!$K$1819:$K$1833,MATCH("חל""ת",report!$I$1819:$I$1833,0)),0) -> 0 | R22: =IFERROR(INDEX(report!$K$1819:$K$1833,MATCH("היעדרות",report!$I$1819:$I$1833,0)),0) -> 0
A23: 95 | B23: אריאל אליה | C23: =report!C253 -> 0 | D23: =IFERROR(INDEX(report!$K$252:$K$266,MATCH("חופש",report!$I$252:$I$266,0)),0) -> 0 | E23: =IFERROR(INDEX(report!$K$252:$K$266,MATCH("חופשה לחיוב",report!$I$252:$I$266,0)),0) -> 0 | F23: =E23 -> 0 | G23: =IFERROR(INDEX(report!$K$252:$K$266,MATCH("מילואים",report!$I$252:$I$266,0)),0) -> 0 | H23: =IFERROR(INDEX(report!$K$252:$K$266,MATCH("תאונת עבודה",report!$I$252:$I$266,0)),0) -> 22 | I23: =IFERROR(INDEX(report!$K$252:$K$266,MATCH("מחלה",report!$I$252:$I$266,0)),0) -> 0 | J23: =IFERROR(INDEX(report!$K$252:$K$266,MATCH("מחלה לקיזוז",report!$I$252:$I$266,0)),0) -> 0 | K23: =IFERROR(INDEX(report!$K$252:$K$266,MATCH("חג",report!$I$252:$I$266,0)),0) -> 0 | L23: =IFERROR(INDEX(report!$K$252:$K$266,MATCH("ערב חג",report!$I$252:$I$266,0)),0) -> 0 | M23: =IFERROR(INDEX(report!$K$252:$K$266,MATCH("חול המועד",report!$I$252:$I$266,0)),0) -> 0 | N23: =report!C254 -> 22 | O23: ✓ | Q23: =IFERROR(INDEX(report!$K$252:$K$266,MATCH("חל""ת",report!$I$252:$I$266,0)),0) -> 0 | R23: =IFERROR(INDEX(report!$K$252:$K$266,MATCH("היעדרות",report!$I$252:$I$266,0)),0) -> 0
A24: 96 | B24: דניאל בנדרימר | C24: =report!C462 -> 0 | D24: =IFERROR(INDEX(report!$K$461:$K$475,MATCH("חופש",report!$I$461:$I$475,0)),0) -> 2 | E24: =IFERROR(INDEX(report!$K$461:$K$475,MATCH("חופשה לחיוב",report!$I$461:$I$475,0)),0) -> 2.5 | F24: =E24 -> 2.5 | G24: =IFERROR(INDEX(report!$K$461:$K$475,MATCH("מילואים",report!$I$461:$I$475,0)),0) -> 28 | H24: =IFERROR(INDEX(report!$K$461:$K$475,MATCH("תאונת עבודה",report!$I$461:$I$475,0)),0) -> 0 | I24: =IFERROR(INDEX(report!$K$461:$K$475,MATCH("מחלה",report!$I$461:$I$475,0)),0) -> 0 | J24: =IFERROR(INDEX(report!$K$461:$K$475,MATCH("מחלה לקיזוז",report!$I$461:$I$475,0)),0) -> 0 | K24: =IFERROR(INDEX(report!$K$461:$K$475,MATCH("חג",report!$I$461:$I$475,0)),0) -> 0 | L24: =IFERROR(INDEX(report!$K$461:$K$475,MATCH("ערב חג",report!$I$461:$I$475,0)),0) -> 0 | M24: =IFERROR(INDEX(report!$K$461:$K$475,MATCH("חול המועד",report!$I$461:$I$475,0)),0) -> 0 | N24: =report!C463 -> 22 | O24: ✓ | Q24: =IFERROR(INDEX(report!$K$461:$K$475,MATCH("חל""ת",report!$I$461:$I$475,0)),0) -> 0 | R24: =IFERROR(INDEX(report!$K$461:$K$475,MATCH("היעדרות",report!$I$461:$I$475,0)),0) -> 0
A25: 97 | B25: משה בורך | C25: =report!C2084 -> 16 | D25: =IFERROR(INDEX(report!$K$2083:$K$2097,MATCH("חופש",report!$I$2083:$I$2097,0)),0) -> 1 | E25: =IFERROR(INDEX(report!$K$2083:$K$2097,MATCH("חופשה לחיוב",report!$I$2083:$I$2097,0)),0) -> 1 | F25: =E25 -> 1 | G25: =IFERROR(INDEX(report!$K$2083:$K$2097,MATCH("מילואים",report!$I$2083:$I$2097,0)),0) -> 6 | H25: =IFERROR(INDEX(report!$K$2083:$K$2097,MATCH("תאונת עבודה",report!$I$2083:$I$2097,0)),0) -> 0 | I25: =IFERROR(INDEX(report!$K$2083:$K$2097,MATCH("מחלה",report!$I$2083:$I$2097,0)),0) -> 0 | J25: =IFERROR(INDEX(report!$K$2083:$K$2097,MATCH("מחלה לקיזוז",report!$I$2083:$I$2097,0)),0) -> 0 | K25: =IFERROR(INDEX(report!$K$2083:$K$2097,MATCH("חג",report!$I$2083:$I$2097,0)),0) -> 3 | L25: =IFERROR(INDEX(report!$K$2083:$K$2097,MATCH("ערב חג",report!$I$2083:$I$2097,0)),0) -> 0 | M25: =IFERROR(INDEX(report!$K$2083:$K$2097,MATCH("חול המועד",report!$I$2083:$I$2097,0)),0) -> 0 | N25: =report!C2085 -> 22 | O25: ✓ | Q25: =IFERROR(INDEX(report!$K$2083:$K$2097,MATCH("חל""ת",report!$I$2083:$I$2097,0)),0) -> 0 | R25: =IFERROR(INDEX(report!$K$2083:$K$2097,MATCH("היעדרות",report!$I$2083:$I$2097,0)),0) -> 0
A26: 100 | B26: ולדה טריאקו | C26: =report!C985 -> 15 | D26: =IFERROR(INDEX(report!$K$984:$K$998,MATCH("חופש",report!$I$984:$I$998,0)),0) -> 2 | E26: =IFERROR(INDEX(report!$K$984:$K$998,MATCH("חופשה לחיוב",report!$I$984:$I$998,0)),0) -> 3 | F26: =E26 -> 3 | G26: =IFERROR(INDEX(report!$K$984:$K$998,MATCH("מילואים",report!$I$984:$I$998,0)),0) -> 0 | H26: =IFERROR(INDEX(report!$K$984:$K$998,MATCH("תאונת עבודה",report!$I$984:$I$998,0)),0) -> 0 | I26: =IFERROR(INDEX(report!$K$984:$K$998,MATCH("מחלה",report!$I$984:$I$998,0)),0) -> 0 | J26: =IFERROR(INDEX(report!$K$984:$K$998,MATCH("מחלה לקיזוז",report!$I$984:$I$998,0)),0) -> 0 | K26: =IFERROR(INDEX(report!$K$984:$K$998,MATCH("חג",report!$I$984:$I$998,0)),0) -> 3 | L26: =IFERROR(INDEX(report!$K$984:$K$998,MATCH("ערב חג",report!$I$984:$I$998,0)),0) -> 2 | M26: =IFERROR(INDEX(report!$K$984:$K$998,MATCH("חול המועד",report!$I$984:$I$998,0)),0) -> 0 | N26: =report!C986 -> 22 | O26: ✓ | Q26: =IFERROR(INDEX(report!$K$984:$K$998,MATCH("חל""ת",report!$I$984:$I$998,0)),0) -> 0 | R26: =IFERROR(INDEX(report!$K$984:$K$998,MATCH("היעדרות",report!$I$984:$I$998,0)),0) -> 0
A27: 101 | B27: רפאל שועה | C27: =report!C723 -> 14 | D27: =IFERROR(INDEX(report!$K$722:$K$736,MATCH("חופש",report!$I$722:$I$736,0)),0) -> 0 | E27: =IFERROR(INDEX(report!$K$722:$K$736,MATCH("חופשה לחיוב",report!$I$722:$I$736,0)),0) -> 0.5 | F27: =E27 -> 0.5 | G27: =IFERROR(INDEX(report!$K$722:$K$736,MATCH("מילואים",report!$I$722:$I$736,0)),0) -> 11 | H27: =IFERROR(INDEX(report!$K$722:$K$736,MATCH("תאונת עבודה",report!$I$722:$I$736,0)),0) -> 0 | I27: =IFERROR(INDEX(report!$K$722:$K$736,MATCH("מחלה",report!$I$722:$I$736,0)),0) -> 0 | J27: =IFERROR(INDEX(report!$K$722:$K$736,MATCH("מחלה לקיזוז",report!$I$722:$I$736,0)),0) -> 0 | K27: =IFERROR(INDEX(report!$K$722:$K$736,MATCH("חג",report!$I$722:$I$736,0)),0) -> 3 | L27: =IFERROR(INDEX(report!$K$722:$K$736,MATCH("ערב חג",report!$I$722:$I$736,0)),0) -> 0 | M27: =IFERROR(INDEX(report!$K$722:$K$736,MATCH("חול המועד",report!$I$722:$I$736,0)),0) -> 0 | N27: =report!C724 -> 22 | O27: ✓ | Q27: =IFERROR(INDEX(report!$K$722:$K$736,MATCH("חל""ת",report!$I$722:$I$736,0)),0) -> 0 | R27: =IFERROR(INDEX(report!$K$722:$K$736,MATCH("היעדרות",report!$I$722:$I$736,0)),0) -> 0
A28: 105 | B28: קומרוב ג'סיקה | C28: =report!C671 -> 16 | D28: =IFERROR(INDEX(report!$K$670:$K$684,MATCH("חופש",report!$I$670:$I$684,0)),0) -> 0 | E28: =IFERROR(INDEX(report!$K$670:$K$684,MATCH("חופשה לחיוב",report!$I$670:$I$684,0)),0) -> 1.5 | F28: =E28 -> 1.5 | G28: =IFERROR(INDEX(report!$K$670:$K$684,MATCH("מילואים",report!$I$670:$I$684,0)),0) -> 0 | H28: =IFERROR(INDEX(report!$K$670:$K$684,MATCH("תאונת עבודה",report!$I$670:$I$684,0)),0) -> 0 | I28: =IFERROR(INDEX(report!$K$670:$K$684,MATCH("מחלה",report!$I$670:$I$684,0)),0) -> 0 | J28: =IFERROR(INDEX(report!$K$670:$K$684,MATCH("מחלה לקיזוז",report!$I$670:$I$684,0)),0) -> 0 | K28: =IFERROR(INDEX(report!$K$670:$K$684,MATCH("חג",report!$I$670:$I$684,0)),0) -> 3 | L28: =IFERROR(INDEX(report!$K$670:$K$684,MATCH("ערב חג",report!$I$670:$I$684,0)),0) -> 3 | M28: =IFERROR(INDEX(report!$K$670:$K$684,MATCH("חול המועד",report!$I$670:$I$684,0)),0) -> 2 | N28: =report!C672 -> 22 | O28: ✓ | Q28: =IFERROR(INDEX(report!$K$670:$K$684,MATCH("חל""ת",report!$I$670:$I$684,0)),0) -> 0 | R28: =IFERROR(INDEX(report!$K$670:$K$684,MATCH("היעדרות",report!$I$670:$I$684,0)),0) -> 0
A29: 106 | B29: אוראל שווקי | C29: =report!C1664 -> 14 | D29: =IFERROR(INDEX(report!$K$1663:$K$1677,MATCH("חופש",report!$I$1663:$I$1677,0)),0) -> 0 | E29: =IFERROR(INDEX(report!$K$1663:$K$1677,MATCH("חופשה לחיוב",report!$I$1663:$I$1677,0)),0) -> 0.5 | F29: =E29 -> 0.5 | G29: =IFERROR(INDEX(report!$K$1663:$K$1677,MATCH("מילואים",report!$I$1663:$I$1677,0)),0) -> 0 | H29: =IFERROR(INDEX(report!$K$1663:$K$1677,MATCH("תאונת עבודה",report!$I$1663:$I$1677,0)),0) -> 0 | I29: =IFERROR(INDEX(report!$K$1663:$K$1677,MATCH("מחלה",report!$I$1663:$I$1677,0)),0) -> 4 | J29: =IFERROR(INDEX(report!$K$1663:$K$1677,MATCH("מחלה לקיזוז",report!$I$1663:$I$1677,0)),0) -> 2 | K29: =IFERROR(INDEX(report!$K$1663:$K$1677,MATCH("חג",report!$I$1663:$I$1677,0)),0) -> 3 | L29: =IFERROR(INDEX(report!$K$1663:$K$1677,MATCH("ערב חג",report!$I$1663:$I$1677,0)),0) -> 1 | M29: =IFERROR(INDEX(report!$K$1663:$K$1677,MATCH("חול המועד",report!$I$1663:$I$1677,0)),0) -> 0 | N29: =report!C1665 -> 20 | O29: ✓ | Q29: =IFERROR(INDEX(report!$K$1663:$K$1677,MATCH("חל""ת",report!$I$1663:$I$1677,0)),0) -> 0 | R29: =IFERROR(INDEX(report!$K$1663:$K$1677,MATCH("היעדרות",report!$I$1663:$I$1677,0)),0) -> 0
A30: 109 | B30: נתן מזרחי | C30: =report!C2136 -> 15 | D30: =IFERROR(INDEX(report!$K$2135:$K$2149,MATCH("חופש",report!$I$2135:$I$2149,0)),0) -> 0 | E30: =IFERROR(INDEX(report!$K$2135:$K$2149,MATCH("חופשה לחיוב",report!$I$2135:$I$2149,0)),0) -> 3 | F30: =E30 -> 3 | G30: =IFERROR(INDEX(report!$K$2135:$K$2149,MATCH("מילואים",report!$I$2135:$I$2149,0)),0) -> 0 | H30: =IFERROR(INDEX(report!$K$2135:$K$2149,MATCH("תאונת עבודה",report!$I$2135:$I$2149,0)),0) -> 0 | I30: =IFERROR(INDEX(report!$K$2135:$K$2149,MATCH("מחלה",report!$I$2135:$I$2149,0)),0) -> 0 | J30: =IFERROR(INDEX(report!$K$2135:$K$2149,MATCH("מחלה לקיזוז",report!$I$2135:$I$2149,0)),0) -> 0 | K30: =IFERROR(INDEX(report!$K$2135:$K$2149,MATCH("חג",report!$I$2135:$I$2149,0)),0) -> 3 | L30: =IFERROR(INDEX(report!$K$2135:$K$2149,MATCH("ערב חג",report!$I$2135:$I$2149,0)),0) -> 2 | M30: =IFERROR(INDEX(report!$K$2135:$K$2149,MATCH("חול המועד",report!$I$2135:$I$2149,0)),0) -> 2 | N30: =report!C2137 -> 22 | O30: ✓ | Q30: =IFERROR(INDEX(report!$K$2135:$K$2149,MATCH("חל""ת",report!$I$2135:$I$2149,0)),0) -> 0 | R30: =IFERROR(INDEX(report!$K$2135:$K$2149,MATCH("היעדרות",report!$I$2135:$I$2149,0)),0) -> 0
A31: 110 | B31: בר אשטון | C31: =report!C305 -> 15 | D31: =IFERROR(INDEX(report!$K$304:$K$318,MATCH("חופש",report!$I$304:$I$318,0)),0) -> 1 | E31: =IFERROR(INDEX(report!$K$304:$K$318,MATCH("חופשה לחיוב",report!$I$304:$I$318,0)),0) -> 2.5 | F31: =E31 -> 2.5 | G31: =IFERROR(INDEX(report!$K$304:$K$318,MATCH("מילואים",report!$I$304:$I$318,0)),0) -> 0 | H31: =IFERROR(INDEX(report!$K$304:$K$318,MATCH("תאונת עבודה",report!$I$304:$I$318,0)),0) -> 0 | I31: =IFERROR(INDEX(report!$K$304:$K$318,MATCH("מחלה",report!$I$304:$I$318,0)),0) -> 0 | J31: =IFERROR(INDEX(report!$K$304:$K$318,MATCH("מחלה לקיזוז",report!$I$304:$I$318,0)),0) -> 0 | K31: =IFERROR(INDEX(report!$K$304:$K$318,MATCH("חג",report!$I$304:$I$318,0)),0) -> 3 | L31: =IFERROR(INDEX(report!$K$304:$K$318,MATCH("ערב חג",report!$I$304:$I$318,0)),0) -> 3 | M31: =IFERROR(INDEX(report!$K$304:$K$318,MATCH("חול המועד",report!$I$304:$I$318,0)),0) -> 2 | N31: =report!C306 -> 22 | O31: ✓ | Q31: =IFERROR(INDEX(report!$K$304:$K$318,MATCH("חל""ת",report!$I$304:$I$318,0)),0) -> 0 | R31: =IFERROR(INDEX(report!$K$304:$K$318,MATCH("היעדרות",report!$I$304:$I$318,0)),0) -> 0
A32: 112 | B32: נהיראל כהן | C32: =report!C619 -> 4 | D32: =IFERROR(INDEX(report!$K$618:$K$632,MATCH("חופש",report!$I$618:$I$632,0)),0) -> 1 | E32: =IFERROR(INDEX(report!$K$618:$K$632,MATCH("חופשה לחיוב",report!$I$618:$I$632,0)),0) -> 2.5 | F32: =E32 -> 2.5 | G32: =IFERROR(INDEX(report!$K$618:$K$632,MATCH("מילואים",report!$I$618:$I$632,0)),0) -> 16 | H32: =IFERROR(INDEX(report!$K$618:$K$632,MATCH("תאונת עבודה",report!$I$618:$I$632,0)),0) -> 0 | I32: =IFERROR(INDEX(report!$K$618:$K$632,MATCH("מחלה",report!$I$618:$I$632,0)),0) -> 0 | J32: =IFERROR(INDEX(report!$K$618:$K$632,MATCH("מחלה לקיזוז",report!$I$618:$I$632,0)),0) -> 0 | K32: =IFERROR(INDEX(report!$K$618:$K$632,MATCH("חג",report!$I$618:$I$632,0)),0) -> 3 | L32: =IFERROR(INDEX(report!$K$618:$K$632,MATCH("ערב חג",report!$I$618:$I$632,0)),0) -> 3 | M32: =IFERROR(INDEX(report!$K$618:$K$632,MATCH("חול המועד",report!$I$618:$I$632,0)),0) -> 2 | N32: =report!C620 -> 22 | O32: ✓ | Q32: =IFERROR(INDEX(report!$K$618:$K$632,MATCH("חל""ת",report!$I$618:$I$632,0)),0) -> 0 | R32: =IFERROR(INDEX(report!$K$618:$K$632,MATCH("היעדרות",report!$I$618:$I$632,0)),0) -> 0
A33: 113 | B33: אורי אשתר | C33: =report!C43 -> 14 | D33: =IFERROR(INDEX(report!$K$42:$K$56,MATCH("חופש",report!$I$42:$I$56,0)),0) -> 0 | E33: =IFERROR(INDEX(report!$K$42:$K$56,MATCH("חופשה לחיוב",report!$I$42:$I$56,0)),0) -> 3.5 | F33: =E33 -> 3.5 | G33: =IFERROR(INDEX(report!$K$42:$K$56,MATCH("מילואים",report!$I$42:$I$56,0)),0) -> 0 | H33: =IFERROR(INDEX(report!$K$42:$K$56,MATCH("תאונת עבודה",report!$I$42:$I$56,0)),0) -> 0 | I33: =IFERROR(INDEX(report!$K$42:$K$56,MATCH("מחלה",report!$I$42:$I$56,0)),0) -> 0 | J33: =IFERROR(INDEX(report!$K$42:$K$56,MATCH("מחלה לקיזוז",report!$I$42:$I$56,0)),0) -> 0 | K33: =IFERROR(INDEX(report!$K$42:$K$56,MATCH("חג",report!$I$42:$I$56,0)),0) -> 3 | L33: =IFERROR(INDEX(report!$K$42:$K$56,MATCH("ערב חג",report!$I$42:$I$56,0)),0) -> 3 | M33: =IFERROR(INDEX(report!$K$42:$K$56,MATCH("חול המועד",report!$I$42:$I$56,0)),0) -> 2 | N33: =report!C44 -> 22 | O33: ✓ | Q33: =IFERROR(INDEX(report!$K$42:$K$56,MATCH("חל""ת",report!$I$42:$I$56,0)),0) -> 0 | R33: =IFERROR(INDEX(report!$K$42:$K$56,MATCH("היעדרות",report!$I$42:$I$56,0)),0) -> 0
A34: 115 | B34: יענקל מונטבולינסקי | C34: =report!C1872 -> 16 | D34: =IFERROR(INDEX(report!$K$1871:$K$1885,MATCH("חופש",report!$I$1871:$I$1885,0)),0) -> 0 | E34: =IFERROR(INDEX(report!$K$1871:$K$1885,MATCH("חופשה לחיוב",report!$I$1871:$I$1885,0)),0) -> 1 | F34: =E34 -> 1 | G34: =IFERROR(INDEX(report!$K$1871:$K$1885,MATCH("מילואים",report!$I$1871:$I$1885,0)),0) -> 0 | H34: =IFERROR(INDEX(report!$K$1871:$K$1885,MATCH("תאונת עבודה",report!$I$1871:$I$1885,0)),0) -> 0 | I34: =IFERROR(INDEX(report!$K$1871:$K$1885,MATCH("מחלה",report!$I$1871:$I$1885,0)),0) -> 1 | J34: =IFERROR(INDEX(report!$K$1871:$K$1885,MATCH("מחלה לקיזוז",report!$I$1871:$I$1885,0)),0) -> 1 | K34: =IFERROR(INDEX(report!$K$1871:$K$1885,MATCH("חג",report!$I$1871:$I$1885,0)),0) -> 3 | L34: =IFERROR(INDEX(report!$K$1871:$K$1885,MATCH("ערב חג",report!$I$1871:$I$1885,0)),0) -> 2 | M34: =IFERROR(INDEX(report!$K$1871:$K$1885,MATCH("חול המועד",report!$I$1871:$I$1885,0)),0) -> 0 | N34: =report!C1873 -> 21 | O34: ✓ | Q34: =IFERROR(INDEX(report!$K$1871:$K$1885,MATCH("חל""ת",report!$I$1871:$I$1885,0)),0) -> 0 | R34: =IFERROR(INDEX(report!$K$1871:$K$1885,MATCH("היעדרות",report!$I$1871:$I$1885,0)),0) -> 0
A35: 116 | B35: אבישי שרון מהדקאר | C35: =report!C2240 -> 16 | D35: =IFERROR(INDEX(report!$K$2239:$K$2253,MATCH("חופש",report!$I$2239:$I$2253,0)),0) -> 0 | E35: =IFERROR(INDEX(report!$K$2239:$K$2253,MATCH("חופשה לחיוב",report!$I$2239:$I$2253,0)),0) -> 3 | F35: =E35 -> 3 | G35: =IFERROR(INDEX(report!$K$2239:$K$2253,MATCH("מילואים",report!$I$2239:$I$2253,0)),0) -> 0 | H35: =IFERROR(INDEX(report!$K$2239:$K$2253,MATCH("תאונת עבודה",report!$I$2239:$I$2253,0)),0) -> 0 | I35: =IFERROR(INDEX(report!$K$2239:$K$2253,MATCH("מחלה",report!$I$2239:$I$2253,0)),0) -> 0 | J35: =IFERROR(INDEX(report!$K$2239:$K$2253,MATCH("מחלה לקיזוז",report!$I$2239:$I$2253,0)),0) -> 0 | K35: =IFERROR(INDEX(report!$K$2239:$K$2253,MATCH("חג",report!$I$2239:$I$2253,0)),0) -> 3 | L35: =IFERROR(INDEX(report!$K$2239:$K$2253,MATCH("ערב חג",report!$I$2239:$I$2253,0)),0) -> 2 | M35: =IFERROR(INDEX(report!$K$2239:$K$2253,MATCH("חול המועד",report!$I$2239:$I$2253,0)),0) -> 2 | N35: =report!C2241 -> 22 | O35: ✓ | Q35: =IFERROR(INDEX(report!$K$2239:$K$2253,MATCH("חל""ת",report!$I$2239:$I$2253,0)),0) -> 0 | R35: =IFERROR(INDEX(report!$K$2239:$K$2253,MATCH("היעדרות",report!$I$2239:$I$2253,0)),0) -> 0
A36: 117 | B36: הודיה הכהן | C36: =report!C1246 -> 12 | D36: =IFERROR(INDEX(report!$K$1245:$K$1259,MATCH("חופש",report!$I$1245:$I$1259,0)),0) -> 1 | E36: =IFERROR(INDEX(report!$K$1245:$K$1259,MATCH("חופשה לחיוב",report!$I$1245:$I$1259,0)),0) -> 4.5 | F36: =E36 -> 4.5 | G36: =IFERROR(INDEX(report!$K$1245:$K$1259,MATCH("מילואים",report!$I$1245:$I$1259,0)),0) -> 0 | H36: =IFERROR(INDEX(report!$K$1245:$K$1259,MATCH("תאונת עבודה",report!$I$1245:$I$1259,0)),0) -> 0 | I36: =IFERROR(INDEX(report!$K$1245:$K$1259,MATCH("מחלה",report!$I$1245:$I$1259,0)),0) -> 0 | J36: =IFERROR(INDEX(report!$K$1245:$K$1259,MATCH("מחלה לקיזוז",report!$I$1245:$I$1259,0)),0) -> 0 | K36: =IFERROR(INDEX(report!$K$1245:$K$1259,MATCH("חג",report!$I$1245:$I$1259,0)),0) -> 3 | L36: =IFERROR(INDEX(report!$K$1245:$K$1259,MATCH("ערב חג",report!$I$1245:$I$1259,0)),0) -> 3 | M36: =IFERROR(INDEX(report!$K$1245:$K$1259,MATCH("חול המועד",report!$I$1245:$I$1259,0)),0) -> 2 | N36: =report!C1247 -> 21 | O36: ✓ | Q36: =IFERROR(INDEX(report!$K$1245:$K$1259,MATCH("חל""ת",report!$I$1245:$I$1259,0)),0) -> 0 | R36: =IFERROR(INDEX(report!$K$1245:$K$1259,MATCH("היעדרות",report!$I$1245:$I$1259,0)),0) -> 0
A37: 118 | B37: אורי דוד עברי | C37: =report!C96 -> 12 | D37: =IFERROR(INDEX(report!$K$95:$K$109,MATCH("חופש",report!$I$95:$I$109,0)),0) -> 1 | E37: =IFERROR(INDEX(report!$K$95:$K$109,MATCH("חופשה לחיוב",report!$I$95:$I$109,0)),0) -> 0 | F37: =E37 -> 0 | G37: =IFERROR(INDEX(report!$K$95:$K$109,MATCH("מילואים",report!$I$95:$I$109,0)),0) -> 3 | H37: =IFERROR(INDEX(report!$K$95:$K$109,MATCH("תאונת עבודה",report!$I$95:$I$109,0)),0) -> 0 | I37: =IFERROR(INDEX(report!$K$95:$K$109,MATCH("מחלה",report!$I$95:$I$109,0)),0) -> 0 | J37: =IFERROR(INDEX(report!$K$95:$K$109,MATCH("מחלה לקיזוז",report!$I$95:$I$109,0)),0) -> 0 | K37: =IFERROR(INDEX(report!$K$95:$K$109,MATCH("חג",report!$I$95:$I$109,0)),0) -> 3 | L37: =IFERROR(INDEX(report!$K$95:$K$109,MATCH("ערב חג",report!$I$95:$I$109,0)),0) -> 2 | M37: =IFERROR(INDEX(report!$K$95:$K$109,MATCH("חול המועד",report!$I$95:$I$109,0)),0) -> 2 | N37: =report!C97 -> 20 | O37: ✓ | Q37: =IFERROR(INDEX(report!$K$95:$K$109,MATCH("חל""ת",report!$I$95:$I$109,0)),0) -> 0 | R37: =IFERROR(INDEX(report!$K$95:$K$109,MATCH("היעדרות",report!$I$95:$I$109,0)),0) -> 0
A38: 119 | B38: טל בירנבאום | C38: =report!C1299 -> 12 | D38: =IFERROR(INDEX(report!$K$1298:$K$1312,MATCH("חופש",report!$I$1298:$I$1312,0)),0) -> 1 | E38: =IFERROR(INDEX(report!$K$1298:$K$1312,MATCH("חופשה לחיוב",report!$I$1298:$I$1312,0)),0) -> 2.5 | F38: =E38 -> 2.5 | G38: =IFERROR(INDEX(report!$K$1298:$K$1312,MATCH("מילואים",report!$I$1298:$I$1312,0)),0) -> 0 | H38: =IFERROR(INDEX(report!$K$1298:$K$1312,MATCH("תאונת עבודה",report!$I$1298:$I$1312,0)),0) -> 0 | I38: =IFERROR(INDEX(report!$K$1298:$K$1312,MATCH("מחלה",report!$I$1298:$I$1312,0)),0) -> 0 | J38: =IFERROR(INDEX(report!$K$1298:$K$1312,MATCH("מחלה לקיזוז",report!$I$1298:$I$1312,0)),0) -> 0 | K38: =IFERROR(INDEX(report!$K$1298:$K$1312,MATCH("חג",report!$I$1298:$I$1312,0)),0) -> 3 | L38: =IFERROR(INDEX(report!$K$1298:$K$1312,MATCH("ערב חג",report!$I$1298:$I$1312,0)),0) -> 3 | M38: =IFERROR(INDEX(report!$K$1298:$K$1312,MATCH("חול המועד",report!$I$1298:$I$1312,0)),0) -> 0 | N38: =report!C1300 -> 11 | O38: ✓ | Q38: =IFERROR(INDEX(report!$K$1298:$K$1312,MATCH("חל""ת",report!$I$1298:$I$1312,0)),0) -> 11 | R38: =IFERROR(INDEX(report!$K$1298:$K$1312,MATCH("היעדרות",report!$I$1298:$I$1312,0)),0) -> 0
A39: 121 | B39: איתי קעטבי | C39: =report!C148 -> 5 | D39: =IFERROR(INDEX(report!$K$147:$K$161,MATCH("חופש",report!$I$147:$I$161,0)),0) -> 0 | E39: =IFERROR(INDEX(report!$K$147:$K$161,MATCH("חופשה לחיוב",report!$I$147:$I$161,0)),0) -> 3.5 | F39: =E39 -> 3.5 | G39: =IFERROR(INDEX(report!$K$147:$K$161,MATCH("מילואים",report!$I$147:$I$161,0)),0) -> 9 | H39: =IFERROR(INDEX(report!$K$147:$K$161,MATCH("תאונת עבודה",report!$I$147:$I$161,0)),0) -> 0 | I39: =IFERROR(INDEX(report!$K$147:$K$161,MATCH("מחלה",report!$I$147:$I$161,0)),0) -> 0 | J39: =IFERROR(INDEX(report!$K$147:$K$161,MATCH("מחלה לקיזוז",report!$I$147:$I$161,0)),0) -> 0 | K39: =IFERROR(INDEX(report!$K$147:$K$161,MATCH("חג",report!$I$147:$I$161,0)),0) -> 3 | L39: =IFERROR(INDEX(report!$K$147:$K$161,MATCH("ערב חג",report!$I$147:$I$161,0)),0) -> 3 | M39: =IFERROR(INDEX(report!$K$147:$K$161,MATCH("חול המועד",report!$I$147:$I$161,0)),0) -> 2 | N39: =report!C149 -> 22 | O39: ✓ | Q39: =IFERROR(INDEX(report!$K$147:$K$161,MATCH("חל""ת",report!$I$147:$I$161,0)),0) -> 0 | R39: =IFERROR(INDEX(report!$K$147:$K$161,MATCH("היעדרות",report!$I$147:$I$161,0)),0) -> 0
A40: 122 | B40: Tami demello | C40: =report!C879 -> 8 | D40: =IFERROR(INDEX(report!$K$878:$K$892,MATCH("חופש",report!$I$878:$I$892,0)),0) -> 0 | E40: =IFERROR(INDEX(report!$K$878:$K$892,MATCH("חופשה לחיוב",report!$I$878:$I$892,0)),0) -> 3.5 | F40: =E40 -> 3.5 | G40: =IFERROR(INDEX(report!$K$878:$K$892,MATCH("מילואים",report!$I$878:$I$892,0)),0) -> 0 | H40: =IFERROR(INDEX(report!$K$878:$K$892,MATCH("תאונת עבודה",report!$I$878:$I$892,0)),0) -> 0 | I40: =IFERROR(INDEX(report!$K$878:$K$892,MATCH("מחלה",report!$I$878:$I$892,0)),0) -> 0 | J40: =IFERROR(INDEX(report!$K$878:$K$892,MATCH("מחלה לקיזוז",report!$I$878:$I$892,0)),0) -> 0 | K40: =IFERROR(INDEX(report!$K$878:$K$892,MATCH("חג",report!$I$878:$I$892,0)),0) -> 3 | L40: =IFERROR(INDEX(report!$K$878:$K$892,MATCH("ערב חג",report!$I$878:$I$892,0)),0) -> 3 | M40: =IFERROR(INDEX(report!$K$878:$K$892,MATCH("חול המועד",report!$I$878:$I$892,0)),0) -> 2 | N40: =report!C880 -> 22 | O40: ✓ | Q40: =IFERROR(INDEX(report!$K$878:$K$892,MATCH("חל""ת",report!$I$878:$I$892,0)),0) -> 0 | R40: =IFERROR(INDEX(report!$K$878:$K$892,MATCH("היעדרות",report!$I$878:$I$892,0)),0) -> 0
A41: 123 | B41: אריק רוזנווסר | C41: =report!C1768 -> 13 | D41: =IFERROR(INDEX(report!$K$1767:$K$1781,MATCH("חופש",report!$I$1767:$I$1781,0)),0) -> 0 | E41: =IFERROR(INDEX(report!$K$1767:$K$1781,MATCH("חופשה לחיוב",report!$I$1767:$I$1781,0)),0) -> 3 | F41: =E41 -> 3 | G41: =IFERROR(INDEX(report!$K$1767:$K$1781,MATCH("מילואים",report!$I$1767:$I$1781,0)),0) -> 0 | H41: =IFERROR(INDEX(report!$K$1767:$K$1781,MATCH("תאונת עבודה",report!$I$1767:$I$1781,0)),0) -> 0 | I41: =IFERROR(INDEX(report!$K$1767:$K$1781,MATCH("מחלה",report!$I$1767:$I$1781,0)),0) -> 0 | J41: =IFERROR(INDEX(report!$K$1767:$K$1781,MATCH("מחלה לקיזוז",report!$I$1767:$I$1781,0)),0) -> 0 | K41: =IFERROR(INDEX(report!$K$1767:$K$1781,MATCH("חג",report!$I$1767:$I$1781,0)),0) -> 3 | L41: =IFERROR(INDEX(report!$K$1767:$K$1781,MATCH("ערב חג",report!$I$1767:$I$1781,0)),0) -> 2 | M41: =IFERROR(INDEX(report!$K$1767:$K$1781,MATCH("חול המועד",report!$I$1767:$I$1781,0)),0) -> 2 | N41: =report!C1769 -> 20 | O41: ✓ | Q41: =IFERROR(INDEX(report!$K$1767:$K$1781,MATCH("חל""ת",report!$I$1767:$I$1781,0)),0) -> 0 | R41: =IFERROR(INDEX(report!$K$1767:$K$1781,MATCH("היעדרות",report!$I$1767:$I$1781,0)),0) -> 0
A42: 124 | B42: מיכה אברג'ל | C42: =report!C1456 -> 8 | D42: =IFERROR(INDEX(report!$K$1455:$K$1469,MATCH("חופש",report!$I$1455:$I$1469,0)),0) -> 1 | E42: =IFERROR(INDEX(report!$K$1455:$K$1469,MATCH("חופשה לחיוב",report!$I$1455:$I$1469,0)),0) -> 2.5 | F42: =E42 -> 2.5 | G42: =IFERROR(INDEX(report!$K$1455:$K$1469,MATCH("מילואים",report!$I$1455:$I$1469,0)),0) -> 12 | H42: =IFERROR(INDEX(report!$K$1455:$K$1469,MATCH("תאונת עבודה",report!$I$1455:$I$1469,0)),0) -> 0 | I42: =IFERROR(INDEX(report!$K$1455:$K$1469,MATCH("מחלה",report!$I$1455:$I$1469,0)),0) -> 0 | J42: =IFERROR(INDEX(report!$K$1455:$K$1469,MATCH("מחלה לקיזוז",report!$I$1455:$I$1469,0)),0) -> 0 | K42: =IFERROR(INDEX(report!$K$1455:$K$1469,MATCH("חג",report!$I$1455:$I$1469,0)),0) -> 3 | L42: =IFERROR(INDEX(report!$K$1455:$K$1469,MATCH("ערב חג",report!$I$1455:$I$1469,0)),0) -> 3 | M42: =IFERROR(INDEX(report!$K$1455:$K$1469,MATCH("חול המועד",report!$I$1455:$I$1469,0)),0) -> 2 | N42: =report!C1457 -> 22 | O42: ✓ | Q42: =IFERROR(INDEX(report!$K$1455:$K$1469,MATCH("חל""ת",report!$I$1455:$I$1469,0)),0) -> 0 | R42: =IFERROR(INDEX(report!$K$1455:$K$1469,MATCH("היעדרות",report!$I$1455:$I$1469,0)),0) -> 0
A43: 125 | B43: דני ישראל | C43: =report!C1194 -> 8 | D43: =IFERROR(INDEX(report!$K$1193:$K$1207,MATCH("חופש",report!$I$1193:$I$1207,0)),0) -> 0 | E43: =IFERROR(INDEX(report!$K$1193:$K$1207,MATCH("חופשה לחיוב",report!$I$1193:$I$1207,0)),0) -> 0 | F43: =E43 -> 0 | G43: =IFERROR(INDEX(report!$K$1193:$K$1207,MATCH("מילואים",report!$I$1193:$I$1207,0)),0) -> 28 | H43: =IFERROR(INDEX(report!$K$1193:$K$1207,MATCH("תאונת עבודה",report!$I$1193:$I$1207,0)),0) -> 0 | I43: =IFERROR(INDEX(report!$K$1193:$K$1207,MATCH("מחלה",report!$I$1193:$I$1207,0)),0) -> 0 | J43: =IFERROR(INDEX(report!$K$1193:$K$1207,MATCH("מחלה לקיזוז",report!$I$1193:$I$1207,0)),0) -> 0 | K43: =IFERROR(INDEX(report!$K$1193:$K$1207,MATCH("חג",report!$I$1193:$I$1207,0)),0) -> 0 | L43: =IFERROR(INDEX(report!$K$1193:$K$1207,MATCH("ערב חג",report!$I$1193:$I$1207,0)),0) -> 0 | M43: =IFERROR(INDEX(report!$K$1193:$K$1207,MATCH("חול המועד",report!$I$1193:$I$1207,0)),0) -> 0 | N43: =report!C1195 -> 22 | O43: ✓ | Q43: =IFERROR(INDEX(report!$K$1193:$K$1207,MATCH("חל""ת",report!$I$1193:$I$1207,0)),0) -> 0 | R43: =IFERROR(INDEX(report!$K$1193:$K$1207,MATCH("היעדרות",report!$I$1193:$I$1207,0)),0) -> 0
A44: 126 | B44: מיכאל קייטלין | C44: =report!C2292 -> 9 | D44: =IFERROR(INDEX(report!$K$2291:$K$2305,MATCH("חופש",report!$I$2291:$I$2305,0)),0) -> 0 | E44: =IFERROR(INDEX(report!$K$2291:$K$2305,MATCH("חופשה לחיוב",report!$I$2291:$I$2305,0)),0) -> 3 | F44: =E44 -> 3 | G44: =IFERROR(INDEX(report!$K$2291:$K$2305,MATCH("מילואים",report!$I$2291:$I$2305,0)),0) -> 0 | H44: =IFERROR(INDEX(report!$K$2291:$K$2305,MATCH("תאונת עבודה",report!$I$2291:$I$2305,0)),0) -> 0 | I44: =IFERROR(INDEX(report!$K$2291:$K$2305,MATCH("מחלה",report!$I$2291:$I$2305,0)),0) -> 0 | J44: =IFERROR(INDEX(report!$K$2291:$K$2305,MATCH("מחלה לקיזוז",report!$I$2291:$I$2305,0)),0) -> 0 | K44: =IFERROR(INDEX(report!$K$2291:$K$2305,MATCH("חג",report!$I$2291:$I$2305,0)),0) -> 0 | L44: =IFERROR(INDEX(report!$K$2291:$K$2305,MATCH("ערב חג",report!$I$2291:$I$2305,0)),0) -> 0 | M44: =IFERROR(INDEX(report!$K$2291:$K$2305,MATCH("חול המועד",report!$I$2291:$I$2305,0)),0) -> 0 | N44: =report!C2293 -> 10 | O44: ✓ | Q44: =IFERROR(INDEX(report!$K$2291:$K$2305,MATCH("חל""ת",report!$I$2291:$I$2305,0)),0) -> 0 | R44: =IFERROR(INDEX(report!$K$2291:$K$2305,MATCH("היעדרות",report!$I$2291:$I$2305,0)),0) -> 0
A45: 127 | B45: שרון זמן | C45: =report!C827 -> 4 | D45: =IFERROR(INDEX(report!$K$826:$K$840,MATCH("חופש",report!$I$826:$I$840,0)),0) -> 0 | E45: =IFERROR(INDEX(report!$K$826:$K$840,MATCH("חופשה לחיוב",report!$I$826:$I$840,0)),0) -> 3.5 | F45: =E45 -> 3.5 | G45: =IFERROR(INDEX(report!$K$826:$K$840,MATCH("מילואים",report!$I$826:$I$840,0)),0) -> 0 | H45: =IFERROR(INDEX(report!$K$826:$K$840,MATCH("תאונת עבודה",report!$I$826:$I$840,0)),0) -> 0 | I45: =IFERROR(INDEX(report!$K$826:$K$840,MATCH("מחלה",report!$I$826:$I$840,0)),0) -> 0 | J45: =IFERROR(INDEX(report!$K$826:$K$840,MATCH("מחלה לקיזוז",report!$I$826:$I$840,0)),0) -> 0 | K45: =IFERROR(INDEX(report!$K$826:$K$840,MATCH("חג",report!$I$826:$I$840,0)),0) -> 0 | L45: =IFERROR(INDEX(report!$K$826:$K$840,MATCH("ערב חג",report!$I$826:$I$840,0)),0) -> 0 | M45: =IFERROR(INDEX(report!$K$826:$K$840,MATCH("חול המועד",report!$I$826:$I$840,0)),0) -> 0 | N45: =report!C828 -> 4 | O45: ✓ | Q45: =IFERROR(INDEX(report!$K$826:$K$840,MATCH("חל""ת",report!$I$826:$I$840,0)),0) -> 0 | R45: =IFERROR(INDEX(report!$K$826:$K$840,MATCH("היעדרות",report!$I$826:$I$840,0)),0) -> 0
A46: קבלן | B46: אמיר אורון | C46: =report!C1037 -> 11 | D46: =IFERROR(INDEX(report!$K$1036:$K$1050,MATCH("חופש",report!$I$1036:$I$1050,0)),0) -> 0 | E46: =IFERROR(INDEX(report!$K$1036:$K$1050,MATCH("חופשה לחיוב",report!$I$1036:$I$1050,0)),0) -> 1 | F46: =E46 -> 1 | G46: =IFERROR(INDEX(report!$K$1036:$K$1050,MATCH("מילואים",report!$I$1036:$I$1050,0)),0) -> 0 | H46: =IFERROR(INDEX(report!$K$1036:$K$1050,MATCH("תאונת עבודה",report!$I$1036:$I$1050,0)),0) -> 0 | I46: =IFERROR(INDEX(report!$K$1036:$K$1050,MATCH("מחלה",report!$I$1036:$I$1050,0)),0) -> 0 | J46: =IFERROR(INDEX(report!$K$1036:$K$1050,MATCH("מחלה לקיזוז",report!$I$1036:$I$1050,0)),0) -> 0 | K46: =IFERROR(INDEX(report!$K$1036:$K$1050,MATCH("חג",report!$I$1036:$I$1050,0)),0) -> 3 | L46: =IFERROR(INDEX(report!$K$1036:$K$1050,MATCH("ערב חג",report!$I$1036:$I$1050,0)),0) -> 2 | M46: =IFERROR(INDEX(report!$K$1036:$K$1050,MATCH("חול המועד",report!$I$1036:$I$1050,0)),0) -> 2 | N46: =report!C1038 -> 22 | O46: ✓ | Q46: =IFERROR(INDEX(report!$K$1036:$K$1050,MATCH("חל""ת",report!$I$1036:$I$1050,0)),0) -> 0 | R46: =IFERROR(INDEX(report!$K$1036:$K$1050,MATCH("היעדרות",report!$I$1036:$I$1050,0)),0) -> 0
A47: קבלן | B47: דוד וורטמן | C47: =report!C410 -> 5 | D47: =IFERROR(INDEX(report!$K$409:$K$423,MATCH("חופש",report!$I$409:$I$423,0)),0) -> 0 | E47: =IFERROR(INDEX(report!$K$409:$K$423,MATCH("חופשה לחיוב",report!$I$409:$I$423,0)),0) -> 3.5 | F47: =E47 -> 3.5 | G47: =IFERROR(INDEX(report!$K$409:$K$423,MATCH("מילואים",report!$I$409:$I$423,0)),0) -> 0 | H47: =IFERROR(INDEX(report!$K$409:$K$423,MATCH("תאונת עבודה",report!$I$409:$I$423,0)),0) -> 0 | I47: =IFERROR(INDEX(report!$K$409:$K$423,MATCH("מחלה",report!$I$409:$I$423,0)),0) -> 0 | J47: =IFERROR(INDEX(report!$K$409:$K$423,MATCH("מחלה לקיזוז",report!$I$409:$I$423,0)),0) -> 0 | K47: =IFERROR(INDEX(report!$K$409:$K$423,MATCH("חג",report!$I$409:$I$423,0)),0) -> 3 | L47: =IFERROR(INDEX(report!$K$409:$K$423,MATCH("ערב חג",report!$I$409:$I$423,0)),0) -> 3 | M47: =IFERROR(INDEX(report!$K$409:$K$423,MATCH("חול המועד",report!$I$409:$I$423,0)),0) -> 2 | N47: =report!C411 -> 22 | O47: ✓ | Q47: =IFERROR(INDEX(report!$K$409:$K$423,MATCH("חל""ת",report!$I$409:$I$423,0)),0) -> 0 | R47: =IFERROR(INDEX(report!$K$409:$K$423,MATCH("היעדרות",report!$I$409:$I$423,0)),0) -> 0

Sheet 2.השלמת אירועים חג
A1: 2. השלמת אירועים בחג/ערב חג (132 אירועים הושלמו)
A2: שם עובד | B2: תאריך | C2: סוג | D2: אירוע שהושלם
A3: אורי אשתר | B3: ג - 21 | C3: ערב חג | D3: ערב חג
A4: אורי דוד עברי | B4: ג - 21 | C4: ערב חג | D4: ערב חג
A5: איתי קעטבי | B5: ד - 01 | C5: ערב חג | D5: ערב חג
A6: איתי קעטבי | B6: ה - 02 | C6: חג | D6: חג
A7: איתי קעטבי | B7: ג - 07 | C7: ערב חג | D7: ערב חג
A8: איתי קעטבי | B8: ד - 08 | C8: חג | D8: חג
A9: איתי קעטבי | B9: ג - 21 | C9: ערב חג | D9: ערב חג
A10: איתי קעטבי | B10: ד - 22 | C10: חג | D10: חג
A11: אפרים רחמנוב | B11: ד - 01 | C11: ערב חג | D11: ערב חג
A12: אפרים רחמנוב | B12: ה - 02 | C12: חג | D12: חג
A13: אפרים רחמנוב | B13: ג - 07 | C13: ערב חג | D13: ערב חג
... A134: מיכאל קייטלין | B134: ד - 22 | C134: חג | D134: חג

Sheet 3.חוסר סגירה
A1: 3. ימי חוסר סגירה ללא אירוע - דורש בדיקה
A2: שם עובד | B2: מס' ימים | C2: פירוט תאריכים | D2: מה חסר | E2: הערה | F2: סטטוס
A3: אורי דוד עברי | B3: 2 | C3: ה - 16, ה - 23 | D3: שניהם (כניסה ויציאה) | F3: 🔴 דרוש מילוי
A4: חיים ראש | B4: 1 | C4: ה - 16 | D4: שניהם (כניסה ויציאה) | F4: 🔴 דרוש מילוי
A5: לוי דביש | B5: 2 | C5: ד - 29 (שניהם), ה - 30 (יציאה) | D5: שניהם / יציאה בלבד | F5: 🔴 דרוש מילוי
A6: הודיה הכהן | B6: 1 | C6: ה - 09 | D6: שניהם (כניסה ויציאה) | F6: 🔴 דרוש מילוי
A7: אריק רוזנווסר | B7: 2 | C7: א - 12, ד - 29 | D7: שניהם (כניסה ויציאה) | F7: 🔴 דרוש מילוי
A8: סה"כ | B8: =SUM(B3:B7) -> 8
A10: הערות / טיפול שבוצע:
A11: • דוד וורטמן - קבלן: לא רלוונטי לחוסר סגירה - הוסר מהרשימה
A12: • אמיר אורון - קבלן: לא רלוונטי לחוסר סגירה - הוסר מהרשימה
A13: • אבישי לייבנזון - מנכ"ל: ימי הפרויקט לחיוב, לא חוסר סגירה - הוסר מהרשימה
A14: • שרון זמן - התחיל עבודה ב-27.04: ימי 01-26 אינם חוסר סגירה (טרם התחיל)
A15: • מיכאל קייטלין - התחיל עבודה ב-19.04: ימים 01-18 אינם חוסר סגירה (טרם התחיל)
A16: • Tami demello - עובדת שעתית: ימים שדווחו עם כניסה ויציאה תקינים. ימים בלי דיווח אינם חוסר סגירה

Sheet 4.חוסר מדומה ע.חג
A1: 4. תיקון שעות חוסר מדומות בערבי חג/חג - דינמי
A2: שם עובד | B2: חוסר מקורי | C2: הפחתה מדומה | D2: סה"כ חוסר מעודכן | E2: פירוט
A3: אורי אשתר | B3: =report!C48 -> 10.58 | C3: =ABS(report!C49) -> 0.8 | D3: =report!C50 -> 9.78 | E3: 01.04: -0.40שע (ע.חג מדומה); 07.04: -0.40שע (ע.חג מדומה)
A4: אורי דוד עברי | B4: =report!C101 -> 34.98 | C4: =ABS(report!C102) -> 0.5 | D4: =report!C103 -> 34.48 | E4: 01.04: -0.50שע (ע.חג מדומה)
A5: איתי קעטבי | B5: =report!C153 -> 8.5 | C5: =ABS(report!C154) -> 1 | D5: =report!C155 -> 7.5 | E5: 01.04: -0.50שע (ע.חג מדומה); 07.04: -0.50שע (ע.חג מדומה)
A6: אפרים רחמנוב | B6: =report!C206 -> 3.5 | C6: =ABS(report!C207) -> 1.5 | D6: =report!C208 -> 2 | E6: 01.04: -0.50שע (ע.חג מדומה); 07.04: -0.50שע (ע.חג מדומה); 21.04: -0.50שע (ע.חג מדומה)
A7: אריאל אליה | B7: =report!C258 -> 0 | C7: =ABS(report!C259) -> 0 | D7: =report!C260 -> 0 | E7: 20.04: -1.50שע (ע.חג מדומה); 01.04: -0.50שע (ע.חג מדומה); 07.04: -0.50שע (ע.חג מדומה)
A8: בר אשטון | B8: =report!C310 -> 11.46 | C8: =ABS(report!C311) -> 1 | D8: =report!C312 -> 10.46 | E8: 01.04: -0.50שע (ע.חג מדומה); 07.04: -0.50שע (ע.חג מדומה)
A9: דוד אחדות | B9: =report!C363 -> 8.91 | C9: =ABS(report!C364) -> 1 | D9: =report!C365 -> 7.91 | E9: 01.04: -0.50שע (ע.חג מדומה); 07.04: -0.50שע (ע.חג מדומה)
A10: דוד וורטמן | B10: =report!C415 -> 77.01 | C10: =ABS(report!C416) -> 2.2 | D10: =report!C417 -> 74.81 | E10: 20.04: -1.40שע (ע.חג מדומה); 01.04: -0.40שע (ע.חג מדומה); 07.04: -0.40שע (ע.חג מדומה)
A11: דניאל בנדרימר | B11: =report!C467 -> 0 | C11: =ABS(report!C468) -> 0 | D11: =report!C469 -> 0
A12: חיים ראש | B12: =report!C519 -> 17 | C12: =ABS(report!C520) -> 1 | D12: =report!C521 -> 16 | E12: 01.04: -0.50שע (ע.חג מדומה); 07.04: -0.50שע (ע.חג מדומה)
A13: לוי דביש | B13: =report!C571 -> 41.85 | C13: =ABS(report!C572) -> 1 | D13: =report!C573 -> 40.85 | E13: 01.04: -0.50שע (ע.חג מדומה); 07.04: -0.50שע (ע.חג מדומה)
A14: נהיראל כהן | B14: =report!C624 -> 8.5 | C14: =ABS(report!C625) -> 1 | D14: =report!C626 -> 7.5 | E14: 01.04: -0.50שע (ע.חג מדומה); 07.04: -0.50שע (ע.חג מדומה)
A15: קומרוב ג'סיקה | B15: =report!C676 -> 8.6 | C15: =ABS(report!C677) -> 1 | D15: =report!C678 -> 7.6 | E15: 01.04: -0.50שע (ע.חג מדומה); 07.04: -0.50שע (ע.חג מדומה)
A16: רפאל שועה | B16: =report!C728 -> 13.53 | C16: =ABS(report!C729) -> 10.45 | D16: =report!C730 -> 0
A17: שלמה לסנר | B17: =report!C780 -> 2.85 | C17: =ABS(report!C781) -> 2.85 | D17: =report!C782 -> 0 | E17: ד - 01: -0.00שע; ג - 21: -2.35שע
A18: שרון זמן | B18: =report!C832 -> 8.71 | C18: =ABS(report!C833) -> 1.1 | D18: =report!C834 -> 0
A19: Tami demello | B19: =report!C884 -> 96.68 | C19: =ABS(report!C885) -> 3.4 | D19: =report!C886 -> 93.28 | E19: 20.04: -1.40שע (ע.חג מדומה); 01.04: -1.00שע (ע.חג מדומה); 07.04: -1.00שע (ע.חג מדומה)
A20: אבישי לייבנזון | B20: =report!C936 -> 120.6 | C20: =ABS(report!C937) -> 3.4 | D20: =report!C938 -> 117.2 | E20: 20.04: -1.40שע (ע.חג מדומה); 01.04: -1.00שע (ע.חג מדומה); 07.04: -1.00שע (ע.חג מדומה)
A21: ולדה טריאקו | B21: =report!C990 -> 0.56 | C21: =ABS(report!C991) -> 4.63 | D21: =report!C992 -> -4.07 | E21: ג - 21: -2.63שע
A22: אמיר אורון | B22: =report!C1042 -> 65.33 | C22: =ABS(report!C1043) -> 6.3 | D22: =report!C1044 -> 59.03 | E22: ג - 21: -4.10שע
A23: אורן סרויה | B23: =report!C1095 -> 0.8 | C23: =ABS(report!C1096) -> 0.8 | D23: =report!C1097 -> 0 | E23: 01.04: -0.40שע (ע.חג מדומה); 07.04: -0.40שע (ע.חג מדומה)
A24: דוד לוי | B24: =report!C1147 -> 16.66 | C24: =ABS(report!C1148) -> 2.32 | D24: =report!C1149 -> 14.34 | E24: ג - 21: -1.52שע
A25: דני ישראל | B25: =report!C1199 -> 2.01 | C25: =ABS(report!C1200) -> 7.38 | D25: =report!C1201 -> 0
A26: הודיה הכהן | B26: =report!C1251 -> 17.9 | C26: =ABS(report!C1252) -> 0.8 | D26: =report!C1253 -> 17.1 | E26: 01.04: -0.40שע (ע.חג מדומה); 07.04: -0.40שע (ע.חג מדומה)
A27: טל בירנבאום | B27: =report!C1304 -> 61.68 | C27: =ABS(report!C1305) -> 15.73 | D27: =report!C1306 -> 0
A28: יום טוב מוסארי | B28: =report!C1356 -> 1.56 | C28: =ABS(report!C1357) -> 0.21 | D28: =report!C1358 -> 0 | E28: ג - 21: -1.57שע
A29: לאון שמייב | B29: =report!C1408 -> 4.45 | C29: =ABS(report!C1409) -> 2.8 | D29: =report!C1410 -> 1.65 | E29: ג - 21: -1.00שע
A30: מיכה אברג'ל | B30: =report!C1461 -> 11.61 | C30: =ABS(report!C1462) -> 0.8 | D30: =report!C1463 -> 10.81 | E30: 01.04: -0.40שע (ע.חג מדומה); 07.04: -0.40שע (ע.חג מדומה)
A31: נתן פרדר | B31: =report!C1513 -> 0 | C31: =ABS(report!C1514) -> 14.01 | D31: =report!C1515 -> 0
A32: רום יחיא | B32: =report!C1565 -> 11.45 | C32: =ABS(report!C1566) -> 0 | D32: =report!C1567 -> 11.45 | E32: 20.04: -1.40שע (ע.חג מדומה); 01.04: -0.40שע (ע.חג מדומה); 07.04: -0.40שע (ע.חג מדומה)
A33: אבי בנג'ו | B33: =report!C1617 -> 0.8 | C33: =ABS(report!C1618) -> 0.8 | D33: =report!C1619 -> 0 | E33: 01.04: -0.40שע (ע.חג מדומה); 07.04: -0.40שע (ע.חג מדומה)
A34: אוראל שווקי | B34: =report!C1669 -> 3.16 | C34: =ABS(report!C1670) -> 2 | D34: =report!C1671 -> 1.16 | E34: ג - 21: -1.60שע
A35: אייל מלח | B35: =report!C1721 -> 0 | C35: =ABS(report!C1722) -> 8.08 | D35: =report!C1723 -> 0
A36: אריק רוזנווסר | B36: =report!C1773 -> 19.55 | C36: =ABS(report!C1774) -> 0.8 | D36: =report!C1775 -> 18.75 | E36: 01.04: -0.40שע (ע.חג מדומה); 07.04: -0.40שע (ע.חג מדומה)
A37: טל ניב | B37: =report!C1825 -> 1.9 | C37: =ABS(report!C1826) -> 18.36 | D37: =report!C1827 -> 0 | E37: ד - 01: -0.00שע; ג - 07: -0.00שע; ג - 21: -1.90שע
A38: יענקל מונטבולינסקי | B38: =report!C1877 -> 8.43 | C38: =ABS(report!C1878) -> 2.68 | D38: =report!C1879 -> 5.75 | E38: ג - 21: -1.88שע
A39: לוי דור | B39: =report!C1929 -> 0.8 | C39: =ABS(report!C1930) -> 0.8 | D39: =report!C1931 -> 0 | E39: 01.04: -0.40שע (ע.חג מדומה); 07.04: -0.40שע (ע.חג מדומה)
A40: מיכאל רפאל | B40: =report!C1985 -> 3.4 | C40: =ABS(report!C1986) -> 0.95 | D40: =report!C1987 -> 0 | E40: ד - 01: -0.00שע; ג - 07: -0.00שע; ג - 21: -3.40שע
A41: מנפרד מרקוביץ' | B41: =report!C2037 -> 1.61 | C41: =ABS(report!C2038) -> 1.62 | D41: =report!C2039 -> 0 | E41: ג - 21: -1.62שע
A42: משה בורך | B42: =report!C2089 -> 0 | C42: =ABS(report!C2090) -> 0.25 | D42: =report!C2091 -> 0
A43: נתן מזרחי | B43: =report!C2141 -> 3.41 | C43: =ABS(report!C2142) -> 2.52 | D43: =report!C2143 -> 0.89 | E43: ג - 21: -1.72שע
A44: צחי חנגל | B44: =report!C2193 -> 0.8 | C44: =ABS(report!C2194) -> 0.8 | D44: =report!C2195 -> 0 | E44: 01.04: -0.40שע (ע.חג מדומה); 07.04: -0.40שע (ע.חג מדומה)
A45: אבישי שרון מהדקאר | B45: =report!C2245 -> 0 | C45: =ABS(report!C2246) -> 0 | D45: =report!C2247 -> 0
A46: מיכאל קייטלין | B46: =report!C2297 -> 0 | C46: =ABS(report!C2298) -> 0 | D46: =report!C2299 -> 0
A47: סה"כ | B47: =SUM(B3:B46) -> 711.13 | C47: =SUM(C3:C46) -> 128.64 | D47: =SUM(D3:D46) -> 566.23

Sheet 6.חופשה מנוצלת
A1: 6. חופשה לחיוב - דינמי (חופש קיים + חופש בע.חג + חופש בחוה"מ)
A2: שם עובד | B2: חופש קיים | C2: חופש בע.חג | D2: חופש בחוה"מ | E2: חופשה לחיוב | F2: פירוט
A3: אורי אשתר | B3: =IFERROR(INDEX(report!$K$42:$K$56,MATCH("חופש",report!$I$42:$I$56,0)),0) -> 0 | C3: =IFERROR(INDEX(report!$K$42:$K$56,MATCH("חופש בע.חג",report!$I$42:$I$56,0)),0) -> 1.5 | D3: =IFERROR(INDEX(report!$K$42:$K$56,MATCH("חופש בחוה""מ",report!$I$42:$I$56,0)),0) -> 2 | E3: =B3+C3+D3 -> 3.5 | F3: ד - 01: ע.חג -0.5; א - 05: חוה"מ -1; ב - 06: חוה"מ -1; ג - 07: ע.חג -0.5; ג - 21: ע.חג -0.5
A4: אורי דוד עברי | B4: =IFERROR(INDEX(report!$K$95:$K$109,MATCH("חופש",report!$I$95:$I$109,0)),0) -> 1 | C4: =IFERROR(INDEX(report!$K$95:$K$109,MATCH("חופש בע.חג",report!$I$95:$I$109,0)),0) -> 1 | D4: =IFERROR(INDEX(report!$K$95:$K$109,MATCH("חופש בחוה""מ",report!$I$95:$I$109,0)),0) -> 0 | E4: =B4+C4+D4 -> 2 | F4: ד - 01: ע.חג -0.5; ג - 21: ע.חג -0.5
A5: איתי קעטבי | B5: =IFERROR(INDEX(report!$K$147:$K$161,MATCH("חופש",report!$I$147:$I$161,0)),0) -> 0 | C5: =IFERROR(INDEX(report!$K$147:$K$161,MATCH("חופש בע.חג",report!$I$147:$I$161,0)),0) -> 1.5 | D5: =IFERROR(INDEX(report!$K$147:$K$161,MATCH("חופש בחוה""מ",report!$I$147:$I$161,0)),0) -> 2 | E5: =B5+C5+D5 -> 3.5 | F5: ד - 01: ע.חג -0.5; א - 05: חוה"מ -1; ב - 06: חוה"מ -1; ג - 07: ע.חג -0.5; ג - 21: ע.חג -0.5
A6: אפרים רחמנוב | B6: =IFERROR(INDEX(report!$K$200:$K$214,MATCH("חופש",report!$I$200:$I$214,0)),0) -> 2 | C6: =IFERROR(INDEX(report!$K$200:$K$214,MATCH("חופש בע.חג",report!$I$200:$I$214,0)),0) -> 1.5 | D6: =IFERROR(INDEX(report!$K$200:$K$214,MATCH("חופש בחוה""מ",report!$I$200:$I$214,0)),0) -> 0 | E6: =B6+C6+D6 -> 3.5 | F6: ד - 01: ע.חג -0.5; ג - 07: ע.חג -0.5; ג - 21: ע.חג -0.5
A7: אריאל אליה | B7: =IFERROR(INDEX(report!$K$252:$K$266,MATCH("חופש",report!$I$252:$I$266,0)),0) -> 0 | C7: =IFERROR(INDEX(report!$K$252:$K$266,MATCH("חופש בע.חג",report!$I$252:$I$266,0)),0) -> 0 | D7: =IFERROR(INDEX(report!$K$252:$K$266,MATCH("חופש בחוה""מ",report!$I$252:$I$266,0)),0) -> 0 | E7: =B7+C7+D7 -> 0 | F7: תאונת עבודה/מילואים - מכוסה
A8: בר אשטון | B8: =IFERROR(INDEX(report!$K$304:$K$318,MATCH("חופש",report!$I$304:$I$318,0)),0) -> 1 | C8: =IFERROR(INDEX(report!$K$304:$K$318,MATCH("חופש בע.חג",report!$I$304:$I$318,0)),0) -> 1.5 | D8: =IFERROR(INDEX(report!$K$304:$K$318,MATCH("חופש בחוה""מ",report!$I$304:$I$318,0)),0) -> 0 | E8: =B8+C8+D8 -> 2.5 | F8: ד - 01: ע.חג -0.5; ג - 07: ע.חג -0.5; ג - 21: ע.חג -0.5
A9: דוד אחדות | B9: =IFERROR(INDEX(report!$K$357:$K$371,MATCH("חופש",report!$I$357:$I$371,0)),0) -> 2 | C9: =IFERROR(INDEX(report!$K$357:$K$371,MATCH("חופש בע.חג",report!$I$357:$I$371,0)),0) -> 1.5 | D9: =IFERROR(INDEX(report!$K$357:$K$371,MATCH("חופש בחוה""מ",report!$I$357:$I$371,0)),0) -> 2 | E9: =B9+C9+D9 -> 5.5 | F9: ד - 01: ע.חג -0.5; א - 05: חוה"מ -1; ב - 06: חוה"מ -1; ג - 07: ע.חג -0.5; ג - 21: ע.חג -0.5
A10: דוד וורטמן | B10: =IFERROR(INDEX(report!$K$409:$K$423,MATCH("חופש",report!$I$409:$I$423,0)),0) -> 0 | C10: =IFERROR(INDEX(report!$K$409:$K$423,MATCH("חופש בע.חג",report!$I$409:$I$423,0)),0) -> 1.5 | D10: =IFERROR(INDEX(report!$K$409:$K$423,MATCH("חופש בחוה""מ",report!$I$409:$I$423,0)),0) -> 2 | E10: =B10+C10+D10 -> 3.5 | F10: ד - 01: ע.חג -0.5; א - 05: חוה"מ -1; ב - 06: חוה"מ -1; ג - 07: ע.חג -0.5; ג - 21: ע.חג -0.5
A11: דניאל בנדרימר | B11: =IFERROR(INDEX(report!$K$461:$K$475,MATCH("חופש",report!$I$461:$I$475,0)),0) -> 2 | C11: =IFERROR(INDEX(report!$K$461:$K$475,MATCH("חופש בע.חג",report!$I$461:$I$475,0)),0) -> 0.5 | D11: =IFERROR(INDEX(report!$K$461:$K$475,MATCH("חופש בחוה""מ",report!$I$461:$I$475,0)),0) -> 0 | E11: =B11+C11+D11 -> 2.5 | F11: תאונת עבודה/מילואים - מכוסה
A12: חיים ראש | B12: =IFERROR(INDEX(report!$K$513:$K$527,MATCH("חופש",report!$I$513:$I$527,0)),0) -> 2 | C12: =IFERROR(INDEX(report!$K$513:$K$527,MATCH("חופש בע.חג",report!$I$513:$I$527,0)),0) -> 1.5 | D12: =IFERROR(INDEX(report!$K$513:$K$527,MATCH("חופש בחוה""מ",report!$I$513:$I$527,0)),0) -> 1 | E12: =B12+C12+D12 -> 4.5 | F12: ד - 01: ע.חג -0.5; א - 05: חוה"מ -1; ג - 07: ע.חג -0.5; ג - 21: ע.חג -0.5
A13: לוי דביש | B13: =IFERROR(INDEX(report!$K$565:$K$579,MATCH("חופש",report!$I$565:$I$579,0)),0) -> 0 | C13: =IFERROR(INDEX(report!$K$565:$K$579,MATCH("חופש בע.חג",report!$I$565:$I$579,0)),0) -> 1.5 | D13: =IFERROR(INDEX(report!$K$565:$K$579,MATCH("חופש בחוה""מ",report!$I$565:$I$579,0)),0) -> 0 | E13: =B13+C13+D13 -> 1.5 | F13: ד - 01: ע.חג -0.5; ב - 06: חוה"מ -1; ג - 07: ע.חג -0.5; ג - 21: ע.חג -0.5
A14: נהיראל כהן | B14: =IFERROR(INDEX(report!$K$618:$K$632,MATCH("חופש",report!$I$618:$I$632,0)),0) -> 1 | C14: =IFERROR(INDEX(report!$K$618:$K$632,MATCH("חופש בע.חג",report!$I$618:$I$632,0)),0) -> 1.5 | D14: =IFERROR(INDEX(report!$K$618:$K$632,MATCH("חופש בחוה""מ",report!$I$618:$I$632,0)),0) -> 0 | E14: =B14+C14+D14 -> 2.5 | F14: ד - 01: ע.חג -0.5; ג - 07: ע.חג -0.5; ג - 21: ע.חג -0.5
A15: קומרוב ג'סיקה | B15: =IFERROR(INDEX(report!$K$670:$K$684,MATCH("חופש",report!$I$670:$I$684,0)),0) -> 0 | C15: =IFERROR(INDEX(report!$K$670:$K$684,MATCH("חופש בע.חג",report!$I$670:$I$684,0)),0) -> 1.5 | D15: =IFERROR(INDEX(report!$K$670:$K$684,MATCH("חופש בחוה""מ",report!$I$670:$I$684,0)),0) -> 0 | E15: =B15+C15+D15 -> 1.5 | F15: ד - 01: ע.חג -0.5; ג - 07: ע.חג -0.5; ג - 21: ע.חג -0.5
A16: רפאל שועה | B16: =IFERROR(INDEX(report!$K$722:$K$736,MATCH("חופש",report!$I$722:$I$736,0)),0) -> 0 | C16: =IFERROR(INDEX(report!$K$722:$K$736,MATCH("חופש בע.חג",report!$I$722:$I$736,0)),0) -> 0.5 | D16: =IFERROR(INDEX(report!$K$722:$K$736,MATCH("חופש בחוה""מ",report!$I$722:$I$736,0)),0) -> 0 | E16: =B16+C16+D16 -> 0.5 | F16: ג - 21: ע.חג -0.5
A17: שלמה לסנר | B17: =IFERROR(INDEX(report!$K$774:$K$788,MATCH("חופש",report!$I$774:$I$788,0)),0) -> 0 | C17: =IFERROR(INDEX(report!$K$774:$K$788,MATCH("חופש בע.חג",report!$I$774:$I$788,0)),0) -> 0.5 | D17: =IFERROR(INDEX(report!$K$774:$K$788,MATCH("חופש בחוה""מ",report!$I$774:$I$788,0)),0) -> 0 | E17: =B17+C17+D17 -> 0.5 | F17: ג - 07: ע.חג -0.5
A18: שרון זמן | B18: =IFERROR(INDEX(report!$K$826:$K$840,MATCH("חופש",report!$I$826:$I$840,0)),0) -> 0 | C18: =IFERROR(INDEX(report!$K$826:$K$840,MATCH("חופש בע.חג",report!$I$826:$I$840,0)),0) -> 1.5 | D18: =IFERROR(INDEX(report!$K$826:$K$840,MATCH("חופש בחוה""מ",report!$I$826:$I$840,0)),0) -> 2 | E18: =B18+C18+D18 -> 3.5 | F18: ד - 01: ע.חג -0.5; א - 05: חוה"מ -1; ב - 06: חוה"מ -1; ג - 07: ע.חג -0.5; ג - 21: ע.חג -0.5
A19: Tami demello | B19: =IFERROR(INDEX(report!$K$878:$K$892,MATCH("חופש",report!$I$878:$I$892,0)),0) -> 0 | C19: =IFERROR(INDEX(report!$K$878:$K$892,MATCH("חופש בע.חג",report!$I$878:$I$892,0)),0) -> 1.5 | D19: =IFERROR(INDEX(report!$K$878:$K$892,MATCH("חופש בחוה""מ",report!$I$878:$I$892,0)),0) -> 2 | E19: =B19+C19+D19 -> 3.5 | F19: ד - 01: ע.חג -0.5; א - 05: חוה"מ -1; ב - 06: חוה"מ -1; ג - 07: ע.חג -0.5; ג - 21: ע.חג -0.5
A20: אבישי לייבנזון | B20: =IFERROR(INDEX(report!$K$930:$K$944,MATCH("חופש",report!$I$930:$I$944,0)),0) -> 0 | C20: =IFERROR(INDEX(report!$K$930:$K$944,MATCH("חופש בע.חג",report!$I$930:$I$944,0)),0) -> 1.5 | D20: =IFERROR(INDEX(report!$K$930:$K$944,MATCH("חופש בחוה""מ",report!$I$930:$I$944,0)),0) -> 2 | E20: =B20+C20+D20 -> 3.5 | F20: ד - 01: ע.חג -0.5; א - 05: חוה"מ -1; ב - 06: חוה"מ -1; ג - 07: ע.חג -0.5; ג - 21: ע.חג -0.5
A21: ולדה טריאקו | B21: =IFERROR(INDEX(report!$K$984:$K$998,MATCH("חופש",report!$I$984:$I$998,0)),0) -> 2 | C21: =IFERROR(INDEX(report!$K$984:$K$998,MATCH("חופש בע.חג",report!$I$984:$I$998,0)),0) -> 1 | D21: =IFERROR(INDEX(report!$K$984:$K$998,MATCH("חופש בחוה""מ",report!$I$984:$I$998,0)),0) -> 0 | E21: =B21+C21+D21 -> 3 | F21: ד - 01: ע.חג -0.5; ג - 07: ע.חג -0.5
A22: אמיר אורון | B22: =IFERROR(INDEX(report!$K$1036:$K$1050,MATCH("חופש",report!$I$1036:$I$1050,0)),0) -> 0 | C22: =IFERROR(INDEX(report!$K$1036:$K$1050,MATCH("חופש בע.חג",report!$I$1036:$I$1050,0)),0) -> 1 | D22: =IFERROR(INDEX(report!$K$1036:$K$1050,MATCH("חופש בחוה""מ",report!$I$1036:$I$1050,0)),0) -> 0 | E22: =B22+C22+D22 -> 1 | F22: ד - 01: ע.חג -0.5; ג - 07: ע.חג -0.5
A23: אורן סרויה | B23: =IFERROR(INDEX(report!$K$1089:$K$1103,MATCH("חופש",report!$I$1089:$I$1103,0)),0) -> 1 | C23: =IFERROR(INDEX(report!$K$1089:$K$1103,MATCH("חופש בע.חג",report!$I$1089:$I$1103,0)),0) -> 1 | D23: =IFERROR(INDEX(report!$K$1089:$K$1103,MATCH("חופש בחוה""מ",report!$I$1089:$I$1103,0)),0) -> 0 | E23: =B23+C23+D23 -> 2 | F23: ד - 01: ע.חג -0.5; ג - 07: ע.חג -0.5
A24: דוד לוי | B24: =IFERROR(INDEX(report!$K$1141:$K$1155,MATCH("חופש",report!$I$1141:$I$1155,0)),0) -> 1 | C24: =IFERROR(INDEX(report!$K$1141:$K$1155,MATCH("חופש בע.חג",report!$I$1141:$I$1155,0)),0) -> 1 | D24: =IFERROR(INDEX(report!$K$1141:$K$1155,MATCH("חופש בחוה""מ",report!$I$1141:$I$1155,0)),0) -> 2 | E24: =B24+C24+D24 -> 4 | F24: ד - 01: ע.חג -0.5; א - 05: חוה"מ -1; ב - 06: חוה"מ -1; ג - 07: ע.חג -0.5
A25: דני ישראל | B25: =IFERROR(INDEX(report!$K$1193:$K$1207,MATCH("חופש",report!$I$1193:$I$1207,0)),0) -> 0 | C25: =IFERROR(INDEX(report!$K$1193:$K$1207,MATCH("חופש בע.חג",report!$I$1193:$I$1207,0)),0) -> 0 | D25: =IFERROR(INDEX(report!$K$1193:$K$1207,MATCH("חופש בחוה""מ",report!$I$1193:$I$1207,0)),0) -> 0 | E25: =B25+C25+D25 -> 0 | F25: —
A26: הודיה הכהן | B26: =IFERROR(INDEX(report!$K$1245:$K$1259,MATCH("חופש",report!$I$1245:$I$1259,0)),0) -> 1 | C26: =IFERROR(INDEX(report!$K$1245:$K$1259,MATCH("חופש בע.חג",report!$I$1245:$I$1259,0)),0) -> 1.5 | D26: =IFERROR(INDEX(report!$K$1245:$K$1259,MATCH("חופש בחוה""מ",report!$I$1245:$I$1259,0)),0) -> 2 | E26: =B26+C26+D26 -> 4.5 | F26: ד - 01: ע.חג -0.5; א - 05: חוה"מ -1; ב - 06: חוה"מ -1; ג - 07: ע.חג -0.5; ג - 21: ע.חג -0.5
A27: טל בירנבאום | B27: =IFERROR(INDEX(report!$K$1298:$K$1312,MATCH("חופש",report!$I$1298:$I$1312,0)),0) -> 1 | C27: =IFERROR(INDEX(report!$K$1298:$K$1312,MATCH("חופש בע.חג",report!$I$1298:$I$1312,0)),0) -> 1.5 | D27: =IFERROR(INDEX(report!$K$1298:$K$1312,MATCH("חופש בחוה""מ",report!$I$1298:$I$1312,0)),0) -> 0 | E27: =B27+C27+D27 -> 2.5 | F27: ד - 01: ע.חג -0.5; א - 05: חוה"מ -1; ב - 06: חוה"מ -1; ג - 07: ע.חג -0.5; ג - 21: ע.חג -0.5
A28: יום טוב מוסארי | B28: =IFERROR(INDEX(report!$K$1350:$K$1364,MATCH("חופש",report!$I$1350:$I$1364,0)),0) -> 0 | C28: =IFERROR(INDEX(report!$K$1350:$K$1364,MATCH("חופש בע.חג",report!$I$1350:$I$1364,0)),0) -> 0 | D28: =IFERROR(INDEX(report!$K$1350:$K$1364,MATCH("חופש בחוה""מ",report!$I$1350:$I$1364,0)),0) -> 0 | E28: =B28+C28+D28 -> 0 | F28: —
A29: לאון שמייב | B29: =IFERROR(INDEX(report!$K$1402:$K$1416,MATCH("חופש",report!$I$1402:$I$1416,0)),0) -> 0 | C29: =IFERROR(INDEX(report!$K$1402:$K$1416,MATCH("חופש בע.חג",report!$I$1402:$I$1416,0)),0) -> 1 | D29: =IFERROR(INDEX(report!$K$1402:$K$1416,MATCH("חופש בחוה""מ",report!$I$1402:$I$1416,0)),0) -> 0 | E29: =B29+C29+D29 -> 1 | F29: ד - 01: ע.חג -0.5; ג - 07: ע.חג -0.5
A30: מיכה אברג'ל | B30: =IFERROR(INDEX(report!$K$1455:$K$1469,MATCH("חופש",report!$I$1455:$I$1469,0)),0) -> 1 | C30: =IFERROR(INDEX(report!$K$1455:$K$1469,MATCH("חופש בע.חג",report!$I$1455:$I$1469,0)),0) -> 1.5 | D30: =IFERROR(INDEX(report!$K$1455:$K$1469,MATCH("חופש בחוה""מ",report!$I$1455:$I$1469,0)),0) -> 0 | E30: =B30+C30+D30 -> 2.5 | F30: ד - 01: ע.חג -0.5; ג - 07: ע.חג -0.5
A31: נתן פרדר | B31: =IFERROR(INDEX(report!$K$1507:$K$1521,MATCH("חופש",report!$I$1507:$I$1521,0)),0) -> 0 | C31: =IFERROR(INDEX(report!$K$1507:$K$1521,MATCH("חופש בע.חג",report!$I$1507:$I$1521,0)),0) -> 0 | D31: =IFERROR(INDEX(report!$K$1507:$K$1521,MATCH("חופש בחוה""מ",report!$I$1507:$I$1521,0)),0) -> 0 | E31: =B31+C31+D31 -> 0 | F31: —
A32: רום יחיא | B32: =IFERROR(INDEX(report!$K$1559:$K$1573,MATCH("חופש",report!$I$1559:$I$1573,0)),0) -> 0 | C32: =IFERROR(INDEX(report!$K$1559:$K$1573,MATCH("חופש בע.חג",report!$I$1559:$I$1573,0)),0) -> 0 | D32: =IFERROR(INDEX(report!$K$1559:$K$1573,MATCH("חופש בחוה""מ",report!$I$1559:$I$1573,0)),0) -> 0 | E32: =B32+C32+D32 -> 0 | F32: ד - 01: ע.חג -0.5; א - 05: חוה"מ -1; ב - 06: חוה"מ -1; ג - 07: ע.חג -0.5; ג - 21: ע.חג -0.5
A33: אבי בנג'ו | B33: =IFERROR(INDEX(report!$K$1611:$K$1625,MATCH("חופש",report!$I$1611:$I$1625,0)),0) -> 2 | C33: =IFERROR(INDEX(report!$K$1611:$K$1625,MATCH("חופש בע.חג",report!$I$1611:$I$1625,0)),0) -> 1 | D33: =IFERROR(INDEX(report!$K$1611:$K$1625,MATCH("חופש בחוה""מ",report!$I$1611:$I$1625,0)),0) -> 0 | E33: =B33+C33+D33 -> 3 | F33: ד - 01: ע.חג -0.5; ג - 07: ע.חג -0.5
A34: אוראל שווקי | B34: =IFERROR(INDEX(report!$K$1663:$K$1677,MATCH("חופש",report!$I$1663:$I$1677,0)),0) -> 0 | C34: =IFERROR(INDEX(report!$K$1663:$K$1677,MATCH("חופש בע.חג",report!$I$1663:$I$1677,0)),0) -> 0.5 | D34: =IFERROR(INDEX(report!$K$1663:$K$1677,MATCH("חופש בחוה""מ",report!$I$1663:$I$1677,0)),0) -> 0 | E34: =B34+C34+D34 -> 0.5 | F34: ד - 01: ע.חג -0.5
A35: אייל מלח | B35: =IFERROR(INDEX(report!$K$1715:$K$1729,MATCH("חופש",report!$I$1715:$I$1729,0)),0) -> 0 | C35: =IFERROR(INDEX(report!$K$1715:$K$1729,MATCH("חופש בע.חג",report!$I$1715:$I$1729,0)),0) -> 0 | D35: =IFERROR(INDEX(report!$K$1715:$K$1729,MATCH("חופש בחוה""מ",report!$I$1715:$I$1729,0)),0) -> 0 | E35: =B35+C35+D35 -> 0 | F35: —
A36: אריק רוזנווסר | B36: =IFERROR(INDEX(report!$K$1767:$K$1781,MATCH("חופש",report!$I$1767:$I$1781,0)),0) -> 0 | C36: =IFERROR(INDEX(report!$K$1767:$K$1781,MATCH("חופש בע.חג",report!$I$1767:$I$1781,0)),0) -> 1 | D36: =IFERROR(INDEX(report!$K$1767:$K$1781,MATCH("חופש בחוה""מ",report!$I$1767:$I$1781,0)),0) -> 2 | E36: =B36+C36+D36 -> 3 | F36: ד - 01: ע.חג -0.5; א - 05: חוה"מ -1; ב - 06: חוה"מ -1; ג - 07: ע.חג -0.5
A37: טל ניב | B37: =IFERROR(INDEX(report!$K$1819:$K$1833,MATCH("חופש",report!$I$1819:$I$1833,0)),0) -> 0 | C37: =IFERROR(INDEX(report!$K$1819:$K$1833,MATCH("חופש בע.חג",report!$I$1819:$I$1833,0)),0) -> 0 | D37: =IFERROR(INDEX(report!$K$1819:$K$1833,MATCH("חופש בחוה""מ",report!$I$1819:$I$1833,0)),0) -> 0 | E37: =B37+C37+D37 -> 0 | F37: —
A38: יענקל מונטבולינסקי | B38: =IFERROR(INDEX(report!$K$1871:$K$1885,MATCH("חופש",report!$I$1871:$I$1885,0)),0) -> 0 | C38: =IFERROR(INDEX(report!$K$1871:$K$1885,MATCH("חופש בע.חג",report!$I$1871:$I$1885,0)),0) -> 1 | D38: =IFERROR(INDEX(report!$K$1871:$K$1885,MATCH("חופש בחוה""מ",report!$I$1871:$I$1885,0)),0) -> 0 | E38: =B38+C38+D38 -> 1 | F38: ד - 01: ע.חג -0.5; ג - 07: ע.חג -0.5
A39: לוי דור | B39: =IFERROR(INDEX(report!$K$1923:$K$1937,MATCH("חופש",report!$I$1923:$I$1937,0)),0) -> 2 | C39: =IFERROR(INDEX(report!$K$1923:$K$1937,MATCH("חופש בע.חג",report!$I$1923:$I$1937,0)),0) -> 1 | D39: =IFERROR(INDEX(report!$K$1923:$K$1937,MATCH("חופש בחוה""מ",report!$I$1923:$I$1937,0)),0) -> 2 | E39: =B39+C39+D39 -> 5 | F39: ד - 01: ע.חג -0.5; א - 05: חוה"מ -1; ב - 06: חוה"מ -1; ג - 07: ע.חג -0.5
A40: מיכאל רפאל | B40: =IFERROR(INDEX(report!$K$1979:$K$1993,MATCH("חופש",report!$I$1979:$I$1993,0)),0) -> 0 | C40: =IFERROR(INDEX(report!$K$1979:$K$1993,MATCH("חופש בע.חג",report!$I$1979:$I$1993,0)),0) -> 0 | D40: =IFERROR(INDEX(report!$K$1979:$K$1993,MATCH("חופש בחוה""מ",report!$I$1979:$I$1993,0)),0) -> 2 | E40: =B40+C40+D40 -> 2 | F40: —
A41: מנפרד מרקוביץ' | B41: =IFERROR(INDEX(report!$K$2031:$K$2045,MATCH("חופש",report!$I$2031:$I$2045,0)),0) -> 0 | C41: =IFERROR(INDEX(report!$K$2031:$K$2045,MATCH("חופש בע.חג",report!$I$2031:$I$2045,0)),0) -> 0 | D41: =IFERROR(INDEX(report!$K$2031:$K$2045,MATCH("חופש בחוה""מ",report!$I$2031:$I$2045,0)),0) -> 0 | E41: =B41+C41+D41 -> 0 | F41: —
A42: משה בורך | B42: =IFERROR(INDEX(report!$K$2083:$K$2097,MATCH("חופש",report!$I$2083:$I$2097,0)),0) -> 1 | C42: =IFERROR(INDEX(report!$K$2083:$K$2097,MATCH("חופש בע.חג",report!$I$2083:$I$2097,0)),0) -> 0 | D42: =IFERROR(INDEX(report!$K$2083:$K$2097,MATCH("חופש בחוה""מ",report!$I$2083:$I$2097,0)),0) -> 0 | E42: =B42+C42+D42 -> 1 | F42: —
A43: נתן מזרחי | B43: =IFERROR(INDEX(report!$K$2135:$K$2149,MATCH("חופש",report!$I$2135:$I$2149,0)),0) -> 0 | C43: =IFERROR(INDEX(report!$K$2135:$K$2149,MATCH("חופש בע.חג",report!$I$2135:$I$2149,0)),0) -> 1 | D43: =IFERROR(INDEX(report!$K$2135:$K$2149,MATCH("חופש בחוה""מ",report!$I$2135:$I$2149,0)),0) -> 2 | E43: =B43+C43+D43 -> 3 | F43: ד - 01: ע.חג -0.5; א - 05: חוה"מ -1; ב - 06: חוה"מ -1; ג - 07: ע.חג -0.5
A44: צחי חנגל | B44: =IFERROR(INDEX(report!$K$2187:$K$2201,MATCH("חופש",report!$I$2187:$I$2201,0)),0) -> 0 | C44: =IFERROR(INDEX(report!$K$2187:$K$2201,MATCH("חופש בע.חג",report!$I$2187:$I$2201,0)),0) -> 1 | D44: =IFERROR(INDEX(report!$K$2187:$K$2201,MATCH("חופש בחוה""מ",report!$I$2187:$I$2201,0)),0) -> 2 | E44: =B44+C44+D44 -> 3 | F44: ד - 01: ע.חג -0.5; א - 05: חוה"מ -1; ב - 06: חוה"מ -1; ג - 07: ע.חג -0.5
A45: אבישי שרון מהדקאר | B45: =IFERROR(INDEX(report!$K$2239:$K$2253,MATCH("חופש",report!$I$2239:$I$2253,0)),0) -> 0 | C45: =IFERROR(INDEX(report!$K$2239:$K$2253,MATCH("חופש בע.חג",report!$I$2239:$I$2253,0)),0) -> 1 | D45: =IFERROR(INDEX(report!$K$2239:$K$2253,MATCH("חופש בחוה""מ",report!$I$2239:$I$2253,0)),0) -> 2 | E45: =B45+C45+D45 -> 3 | F45: ד - 01: ע.חג -0.5; א - 05: חוה"מ -1; ב - 06: חוה"מ -1; ג - 07: ע.חג -0.5
A46: מיכאל קייטלין | B46: =IFERROR(INDEX(report!$K$2291:$K$2305,MATCH("חופש",report!$I$2291:$I$2305,0)),0) -> 0 | C46: =IFERROR(INDEX(report!$K$2291:$K$2305,MATCH("חופש בע.חג",report!$I$2291:$I$2305,0)),0) -> 1 | D46: =IFERROR(INDEX(report!$K$2291:$K$2305,MATCH("חופש בחוה""מ",report!$I$2291:$I$2305,0)),0) -> 2 | E46: =B46+C46+D46 -> 3 | F46: ד - 01: ע.חג -0.5; א - 05: חוה"מ -1; ב - 06: חוה"מ -1; ג - 07: ע.חג -0.5
A47: סה"כ | B47: =SUM(B3:B46) -> 23 | C47: =SUM(C3:C46) -> 40 | D47: =SUM(D3:D46) -> 33 | E47: =SUM(E3:E46) -> 96

Sheet 5.אריאל-תאונ.עבודה
A1: 5. אריאל אליה - תאונת עבודה (כל החודש)
A2: עודכן אירוע='תאונת עבודה' ב-15 ימי חול/חוה"מ. שעות חוסר אופסו (היו 118).

Sheet 7.בדיקות סופיות
A1: 7. בדיקות סופיות (5/5/2026)
A2: בדיקה | B2: תוצאה | C2: פעולה
A3: 1. חופש בימי חג/ע.חג | B3: 3 מקרים נמצאו | C3: תוקן: דניאל בנדרימר (21,22.04), מיכה אברג'ל (21.04) - הוחזר ל'חג'/'ערב חג'
A4: 2. חוסר תקן מדומה ב-21.04 | B4: כל ההפחתות בוצעו ב-30 העובדים בסבב הקודם | C4: אין צורך בעדכון נוסף
A5: 3. סיכום הצגת אירועים תקין | B5: 31 בלוקים תוקנו | C5: כל עובד שלא במילואים/תאונת עבודה: חג=3, ע.חג=3, חוה"מ=2
A6: 4. פורמט תאים בהצגת אירועים | B6: כל ה-K עודכן לפורמט מספר 0 (וחופשה מנוצלת=0.0) | C6: —

Sheet 1.סיכום ימים_OLD
B1: טבלת סיכום נוכחות חודש אפריל 2026
A3: מס' עובד | B3: שם עובד | C3: ימי נוכחות | D3: חופש קיים | E3: חופשה לחיוב | F3: סה"כ חופשה | G3: מילואים | H3: תאונת עבודה | I3: ימי מחלה | J3: מחלה משולמת | K3: חג | L3: ערב חג | M3: חוה"מ | N3: ימים משולמים | O3: סטטוס | P3: הערה | Q3: מס' עובד
A4: 2 | B4: אבישי לייבנזון | C4: =report!C931 -> 0 | D4: =IFERROR(INDEX(report!$K$930:$K$943,MATCH("חופש",report!$I$930:$I$943,0)),0) -> 0 | E4: =IFERROR(INDEX(report!$K$930:$K$943,MATCH("חופשה לחיוב",report!$I$930:$I$943,0)),0) -> 3.5 | F4: =D4+E4 -> 3.5 | G4: =IFERROR(INDEX(report!$K$930:$K$943,MATCH("מילואים",report!$I$930:$I$943,0)),0) -> 0 | H4: =IFERROR(INDEX(report!$K$930:$K$943,MATCH("תאונת עבודה",report!$I$930:$I$943,0)),0) -> 0 | I4: =IFERROR(INDEX(report!$K$930:$K$943,MATCH("מחלה",report!$I$930:$I$943,0)),0) -> 0 | J4: =IFERROR(INDEX(report!$K$930:$K$943,MATCH("מחלה לתשלום",report!$I$930:$I$943,0)),0) -> 0 | K4: =IFERROR(INDEX(report!$K$930:$K$943,MATCH("חג",report!$I$930:$I$943,0)),0) -> 3 | L4: =IFERROR(INDEX(report!$K$930:$K$943,MATCH("ערב חג",report!$I$930:$I$943,0)),0) -> 3 | M4: =IFERROR(INDEX(report!$K$930:$K$943,MATCH("חול המועד",report!$I$930:$I$943,0)),0) -> 2 | N4: =report!C932 -> 22 | O4: ✓ | P4: מנכ"ל - ימי פרויקט לחיוב | Q4: 2
A5: 7 | B5: חיים ראש | C5: =report!C514 -> 12 | D5: =IFERROR(INDEX(report!$K$513:$K$526,MATCH("חופש",report!$I$513:$I$526,0)),0) -> 2 | E5: =IFERROR(INDEX(report!$K$513:$K$526,MATCH("חופשה לחיוב",report!$I$513:$I$526,0)),0) -> 4.5 | F5: =D5+E5 -> 6.5 | G5: =IFERROR(INDEX(report!$K$513:$K$526,MATCH("מילואים",report!$I$513:$I$526,0)),0) -> 0 | H5: =IFERROR(INDEX(report!$K$513:$K$526,MATCH("תאונת עבודה",report!$I$513:$I$526,0)),0) -> 0 | I5: =IFERROR(INDEX(report!$K$513:$K$526,MATCH("מחלה",report!$I$513:$I$526,0)),0) -> 0 | J5: =IFERROR(INDEX(report!$K$513:$K$526,MATCH("מחלה לתשלום",report!$I$513:$I$526,0)),0) -> 0 | K5: =IFERROR(INDEX(report!$K$513:$K$526,MATCH("חג",report!$I$513:$I$526,0)),0) -> 3 | L5: =IFERROR(INDEX(report!$K$513:$K$526,MATCH("ערב חג",report!$I$513:$I$526,0)),0) -> 3 | M5: =IFERROR(INDEX(report!$K$513:$K$526,MATCH("חול המועד",report!$I$513:$I$526,0)),0) -> 2 | N5: =report!C515 -> 21 | O5: ✓ | P5: חוסר סגירה: ה-16 - הופחתו 1 ימים | Q5: 7
A6: 8 | B6: דוד אחדות | C6: =report!C358 -> 12 | D6: =IFERROR(INDEX(report!$K$357:$K$370,MATCH("חופש",report!$I$357:$I$370,0)),0) -> 2 | E6: =IFERROR(INDEX(report!$K$357:$K$370,MATCH("חופשה לחיוב",report!$I$357:$I$370,0)),0) -> 5.5 | F6: =D6+E6 -> 7.5 | G6: =IFERROR(INDEX(report!$K$357:$K$370,MATCH("מילואים",report!$I$357:$I$370,0)),0) -> 0 | H6: =IFERROR(INDEX(report!$K$357:$K$370,MATCH("תאונת עבודה",report!$I$357:$I$370,0)),0) -> 0 | I6: =IFERROR(INDEX(report!$K$357:$K$370,MATCH("מחלה",report!$I$357:$I$370,0)),0) -> 0 | J6: =IFERROR(INDEX(report!$K$357:$K$370,MATCH("מחלה לתשלום",report!$I$357:$I$370,0)),0) -> 0 | K6: =IFERROR(INDEX(report!$K$357:$K$370,MATCH("חג",report!$I$357:$I$370,0)),0) -> 3 | L6: =IFERROR(INDEX(report!$K$357:$K$370,MATCH("ערב חג",report!$I$357:$I$370,0)),0) -> 3 | M6: =IFERROR(INDEX(report!$K$357:$K$370,MATCH("חול המועד",report!$I$357:$I$370,0)),0) -> 2 | N6: =report!C359 -> 22 | O6: ✓ | P6: ללא מחלה | Q6: 8
A7: 11 | B7: לוי דביש | C7: =report!C566 -> 12 | D7: =IFERROR(INDEX(report!$K$565:$K$578,MATCH("חופש",report!$I$565:$I$578,0)),0) -> 0 | E7: =IFERROR(INDEX(report!$K$565:$K$578,MATCH("חופשה לחיוב",report!$I$565:$I$578,0)),0) -> 1.5 | F7: =D7+E7 -> 1.5 | G7: =IFERROR(INDEX(report!$K$565:$K$578,MATCH("מילואים",report!$I$565:$I$578,0)),0) -> 0 | H7: =IFERROR(INDEX(report!$K$565:$K$578,MATCH("תאונת עבודה",report!$I$565:$I$578,0)),0) -> 0 | I7: =IFERROR(INDEX(report!$K$565:$K$578,MATCH("מחלה",report!$I$565:$I$578,0)),0) -> 0 | J7: =IFERROR(INDEX(report!$K$565:$K$578,MATCH("מחלה לתשלום",report!$I$565:$I$578,0)),0) -> 0 | K7: =IFERROR(INDEX(report!$K$565:$K$578,MATCH("חג",report!$I$565:$I$578,0)),0) -> 3 | L7: =IFERROR(INDEX(report!$K$565:$K$578,MATCH("ערב חג",report!$I$565:$I$578,0)),0) -> 3 | M7: =IFERROR(INDEX(report!$K$565:$K$578,MATCH("חול המועד",report!$I$565:$I$578,0)),0) -> 2 | N7: =report!C567 -> 20 | O7: ✓ | P7: חוסר סגירה: ד-29, ה-30 - הופחתו 2 ימים | Q7: 11
A8: 22 | B8: אפרים רחמנוב | C8: =report!C201 -> 14 | D8: =IFERROR(INDEX(report!$K$200:$K$213,MATCH("חופש",report!$I$200:$I$213,0)),0) -> 2 | E8: =IFERROR(INDEX(report!$K$200:$K$213,MATCH("חופשה לחיוב",report!$I$200:$I$213,0)),0) -> 3.5 | F8: =D8+E8 -> 5.5 | G8: =IFERROR(INDEX(report!$K$200:$K$213,MATCH("מילואים",report!$I$200:$I$213,0)),0) -> 0 | H8: =IFERROR(INDEX(report!$K$200:$K$213,MATCH("תאונת עבודה",report!$I$200:$I$213,0)),0) -> 0 | I8: =IFERROR(INDEX(report!$K$200:$K$213,MATCH("מחלה",report!$I$200:$I$213,0)),0) -> 0 | J8: =IFERROR(INDEX(report!$K$200:$K$213,MATCH("מחלה לתשלום",report!$I$200:$I$213,0)),0) -> 0 | K8: =IFERROR(INDEX(report!$K$200:$K$213,MATCH("חג",report!$I$200:$I$213,0)),0) -> 3 | L8: =IFERROR(INDEX(report!$K$200:$K$213,MATCH("ערב חג",report!$I$200:$I$213,0)),0) -> 3 | M8: =IFERROR(INDEX(report!$K$200:$K$213,MATCH("חול המועד",report!$I$200:$I$213,0)),0) -> 0 | N8: =report!C202 -> 22 | O8: ✓ | P8: ללא מחלה | Q8: 22
A9: 54 | B9: דוד לוי | C9: =report!C1142 -> 10 | D9: =IFERROR(INDEX(report!$K$1141:$K$1154,MATCH("חופש",report!$I$1141:$I$1154,0)),0) -> 1 | E9: =IFERROR(INDEX(report!$K$1141:$K$1154,MATCH("חופשה לחיוב",report!$I$1141:$I$1154,0)),0) -> 4 | F9: =D9+E9 -> 5 | G9: =IFERROR(INDEX(report!$K$1141:$K$1154,MATCH("מילואים",report!$I$1141:$I$1154,0)),0) -> 0 | H9: =IFERROR(INDEX(report!$K$1141:$K$1154,MATCH("תאונת עבודה",report!$I$1141:$I$1154,0)),0) -> 0 | I9: =IFERROR(INDEX(report!$K$1141:$K$1154,MATCH("מחלה",report!$I$1141:$I$1154,0)),0) -> 4 | J9: =IFERROR(INDEX(report!$K$1141:$K$1154,MATCH("מחלה לתשלום",report!$I$1141:$I$1154,0)),0) -> 0 | K9: =IFERROR(INDEX(report!$K$1141:$K$1154,MATCH("חג",report!$I$1141:$I$1154,0)),0) -> 3 | L9: =IFERROR(INDEX(report!$K$1141:$K$1154,MATCH("ערב חג",report!$I$1141:$I$1154,0)),0) -> 2 | M9: =IFERROR(INDEX(report!$K$1141:$K$1154,MATCH("חול המועד",report!$I$1141:$I$1154,0)),0) -> 2 | N9: =report!C1143 -> 18 | O9: ✓ | P9: ללא מחלה | Q9: 54
A10: 60 | B10: אבי בנג'ו | C10: =report!C1612 -> 15 | D10: =IFERROR(INDEX(report!$K$1611:$K$1624,MATCH("חופש",report!$I$1611:$I$1624,0)),0) -> 2 | E10: =IFERROR(INDEX(report!$K$1611:$K$1624,MATCH("חופשה לחיוב",report!$I$1611:$I$1624,0)),0) -> 3 | F10: =D10+E10 -> 5 | G10: =IFERROR(INDEX(report!$K$1611:$K$1624,MATCH("מילואים",report!$I$1611:$I$1624,0)),0) -> 0 | H10: =IFERROR(INDEX(report!$K$1611:$K$1624,MATCH("תאונת עבודה",report!$I$1611:$I$1624,0)),0) -> 0 | I10: =IFERROR(INDEX(report!$K$1611:$K$1624,MATCH("מחלה",report!$I$1611:$I$1624,0)),0) -> 0 | J10: =IFERROR(INDEX(report!$K$1611:$K$1624,MATCH("מחלה לתשלום",report!$I$1611:$I$1624,0)),0) -> 0 | K10: =IFERROR(INDEX(report!$K$1611:$K$1624,MATCH("חג",report!$I$1611:$I$1624,0)),0) -> 3 | L10: =IFERROR(INDEX(report!$K$1611:$K$1624,MATCH("ערב חג",report!$I$1611:$I$1624,0)),0) -> 2 | M10: =IFERROR(INDEX(report!$K$1611:$K$1624,MATCH("חול המועד",report!$I$1611:$I$1624,0)),0) -> 0 | N10: =report!C1613 -> 22 | O10: ✓ | P10: ללא מחלה | Q10: 60
A11: 62 | B11: לוי דור | C11: =report!C1924 -> 3 | D11: =IFERROR(INDEX(report!$K$1923:$K$1936,MATCH("חופש",report!$I$1923:$I$1936,0)),0) -> 2 | E11: =IFERROR(INDEX(report!$K$1923:$K$1936,MATCH("חופשה לחיוב",report!$I$1923:$I$1936,0)),0) -> 5 | F11: =D11+E11 -> 7 | G11: =IFERROR(INDEX(report!$K$1923:$K$1936,MATCH("מילואים",report!$I$1923:$I$1936,0)),0) -> 15 | H11: =IFERROR(INDEX(report!$K$1923:$K$1936,MATCH("תאונת עבודה",report!$I$1923:$I$1936,0)),0) -> 0 | I11: =IFERROR(INDEX(report!$K$1923:$K$1936,MATCH("מחלה",report!$I$1923:$I$1936,0)),0) -> 0 | J11: =IFERROR(INDEX(report!$K$1923:$K$1936,MATCH("מחלה לתשלום",report!$I$1923:$I$1936,0)),0) -> 0 | K11: =IFERROR(INDEX(report!$K$1923:$K$1936,MATCH("חג",report!$I$1923:$I$1936,0)),0) -> 3 | L11: =IFERROR(INDEX(report!$K$1923:$K$1936,MATCH("ערב חג",report!$I$1923:$I$1936,0)),0) -> 2 | M11: =IFERROR(INDEX(report!$K$1923:$K$1936,MATCH("חול המועד",report!$I$1923:$I$1936,0)),0) -> 2 | N11: =report!C1925 -> 22 | O11: ✓ | P11: הופחת 1.5 ימים בגין מחלה | Q11: 62
A12: 64 | B12: צחי חנגל | C12: =report!C2188 -> 12 | D12: =IFERROR(INDEX(report!$K$2187:$K$2200,MATCH("חופש",report!$I$2187:$I$2200,0)),0) -> 0 | E12: =IFERROR(INDEX(report!$K$2187:$K$2200,MATCH("חופשה לחיוב",report!$I$2187:$I$2200,0)),0) -> 3 | F12: =D12+E12 -> 3 | G12: =IFERROR(INDEX(report!$K$2187:$K$2200,MATCH("מילואים",report!$I$2187:$I$2200,0)),0) -> 1 | H12: =IFERROR(INDEX(report!$K$2187:$K$2200,MATCH("תאונת עבודה",report!$I$2187:$I$2200,0)),0) -> 0 | I12: =IFERROR(INDEX(report!$K$2187:$K$2200,MATCH("מחלה",report!$I$2187:$I$2200,0)),0) -> 2 | J12: =IFERROR(INDEX(report!$K$2187:$K$2200,MATCH("מחלה לתשלום",report!$I$2187:$I$2200,0)),0) -> 0 | K12: =IFERROR(INDEX(report!$K$2187:$K$2200,MATCH("חג",report!$I$2187:$I$2200,0)),0) -> 3 | L12: =IFERROR(INDEX(report!$K$2187:$K$2200,MATCH("ערב חג",report!$I$2187:$I$2200,0)),0) -> 2 | M12: =IFERROR(INDEX(report!$K$2187:$K$2200,MATCH("חול המועד",report!$I$2187:$I$2200,0)),0) -> 2 | N12: =report!C2189 -> 20.5 | O12: ✓ | P12: ללא מחלה | Q12: 64
A13: 65 | B13: שלמה לסנר | C13: =report!C775 -> 18 | D13: =IFERROR(INDEX(report!$K$774:$K$787,MATCH("חופש",report!$I$774:$I$787,0)),0) -> 0 | E13: =IFERROR(INDEX(report!$K$774:$K$787,MATCH("חופשה לחיוב",report!$I$774:$I$787,0)),0) -> 0.5 | F13: =D13+E13 -> 0.5 | G13: =IFERROR(INDEX(report!$K$774:$K$787,MATCH("מילואים",report!$I$774:$I$787,0)),0) -> 0 | H13: =IFERROR(INDEX(report!$K$774:$K$787,MATCH("תאונת עבודה",report!$I$774:$I$787,0)),0) -> 0 | I13: =IFERROR(INDEX(report!$K$774:$K$787,MATCH("מחלה",report!$I$774:$I$787,0)),0) -> 0 | J13: =IFERROR(INDEX(report!$K$774:$K$787,MATCH("מחלה לתשלום",report!$I$774:$I$787,0)),0) -> 0 | K13: =IFERROR(INDEX(report!$K$774:$K$787,MATCH("חג",report!$I$774:$I$787,0)),0) -> 3 | L13: =IFERROR(INDEX(report!$K$774:$K$787,MATCH("ערב חג",report!$I$774:$I$787,0)),0) -> 1 | M13: =IFERROR(INDEX(report!$K$774:$K$787,MATCH("חול המועד",report!$I$774:$I$787,0)),0) -> 2 | N13: =report!C776 -> 22 | O13: ✓ | P13: ללא מחלה | Q13: 65
A14: 66 | B14: מיכאל רפאל | C14: =report!C1980 -> 17 | D14: =IFERROR(INDEX(report!$K$1979:$K$1992,MATCH("חופש",report!$I$1979:$I$1992,0)),0) -> 0 | E14: =IFERROR(INDEX(report!$K$1979:$K$1992,MATCH("חופשה לחיוב",report!$I$1979:$I$1992,0)),0) -> 2 | F14: =D14+E14 -> 2 | G14: =IFERROR(INDEX(report!$K$1979:$K$1992,MATCH("מילואים",report!$I$1979:$I$1992,0)),0) -> 0 | H14: =IFERROR(INDEX(report!$K$1979:$K$1992,MATCH("תאונת עבודה",report!$I$1979:$I$1992,0)),0) -> 0 | I14: =IFERROR(INDEX(report!$K$1979:$K$1992,MATCH("מחלה",report!$I$1979:$I$1992,0)),0) -> 0 | J14: =IFERROR(INDEX(report!$K$1979:$K$1992,MATCH("מחלה לתשלום",report!$I$1979:$I$1992,0)),0) -> 0 | K14: =IFERROR(INDEX(report!$K$1979:$K$1992,MATCH("חג",report!$I$1979:$I$1992,0)),0) -> 3 | L14: =IFERROR(INDEX(report!$K$1979:$K$1992,MATCH("ערב חג",report!$I$1979:$I$1992,0)),0) -> 0 | M14: =IFERROR(INDEX(report!$K$1979:$K$1992,MATCH("חול המועד",report!$I$1979:$I$1992,0)),0) -> 2 | N14: =report!C1981 -> 22 | O14: ✓ | P14: ללא מחלה | Q14: 66
A15: 75 | B15: אייל מלח | C15: =report!C1716 -> 11 | D15: =IFERROR(INDEX(report!$K$1715:$K$1728,MATCH("חופש",report!$I$1715:$I$1728,0)),0) -> 0 | E15: =IFERROR(INDEX(report!$K$1715:$K$1728,MATCH("חופשה לחיוב",report!$I$1715:$I$1728,0)),0) -> 0 | F15: =D15+E15 -> 0 | G15: =IFERROR(INDEX(report!$K$1715:$K$1728,MATCH("מילואים",report!$I$1715:$I$1728,0)),0) -> 30 | H15: =IFERROR(INDEX(report!$K$1715:$K$1728,MATCH("תאונת עבודה",report!$I$1715:$I$1728,0)),0) -> 0 | I15: =IFERROR(INDEX(report!$K$1715:$K$1728,MATCH("מחלה",report!$I$1715:$I$1728,0)),0) -> 0 | J15: =IFERROR(INDEX(report!$K$1715:$K$1728,MATCH("מחלה לתשלום",report!$I$1715:$I$1728,0)),0) -> 0 | K15: =IFERROR(INDEX(report!$K$1715:$K$1728,MATCH("חג",report!$I$1715:$I$1728,0)),0) -> 0 | L15: =IFERROR(INDEX(report!$K$1715:$K$1728,MATCH("ערב חג",report!$I$1715:$I$1728,0)),0) -> 0 | M15: =IFERROR(INDEX(report!$K$1715:$K$1728,MATCH("חול המועד",report!$I$1715:$I$1728,0)),0) -> 0 | N15: =report!C1717 -> 22 | O15: ✓ | P15: ללא מחלה | Q15: 75
A16: 76 | B16: מנפרד מרקוביץ' | C16: =report!C2032 -> 8 | D16: =IFERROR(INDEX(report!$K$2031:$K$2044,MATCH("חופש",report!$I$2031:$I$2044,0)),0) -> 0 | E16: =IFERROR(INDEX(report!$K$2031:$K$2044,MATCH("חופשה לחיוב",report!$I$2031:$I$2044,0)),0) -> 0 | F16: =D16+E16 -> 0 | G16: =IFERROR(INDEX(report!$K$2031:$K$2044,MATCH("מילואים",report!$I$2031:$I$2044,0)),0) -> 23 | H16: =IFERROR(INDEX(report!$K$2031:$K$2044,MATCH("תאונת עבודה",report!$I$2031:$I$2044,0)),0) -> 0 | I16: =IFERROR(INDEX(report!$K$2031:$K$2044,MATCH("מחלה",report!$I$2031:$I$2044,0)),0) -> 0 | J16: =IFERROR(INDEX(report!$K$2031:$K$2044,MATCH("מחלה לתשלום",report!$I$2031:$I$2044,0)),0) -> 0 | K16: =IFERROR(INDEX(report!$K$2031:$K$2044,MATCH("חג",report!$I$2031:$I$2044,0)),0) -> 3 | L16: =IFERROR(INDEX(report!$K$2031:$K$2044,MATCH("ערב חג",report!$I$2031:$I$2044,0)),0) -> 0 | M16: =IFERROR(INDEX(report!$K$2031:$K$2044,MATCH("חול המועד",report!$I$2031:$I$2044,0)),0) -> 0 | N16: =report!C2033 -> 22 | O16: ✓ | P16: ללא מחלה | Q16: 76
A17: 78 | B17: אורן סרויה | C17: =report!C1090 -> 16 | D17: =IFERROR(INDEX(report!$K$1089:$K$1102,MATCH("חופש",report!$I$1089:$I$1102,0)),0) -> 1 | E17: =IFERROR(INDEX(report!$K$1089:$K$1102,MATCH("חופשה לחיוב",report!$I$1089:$I$1102,0)),0) -> 2 | F17: =D17+E17 -> 3 | G17: =IFERROR(INDEX(report!$K$1089:$K$1102,MATCH("מילואים",report!$I$1089:$I$1102,0)),0) -> 0 | H17: =IFERROR(INDEX(report!$K$1089:$K$1102,MATCH("תאונת עבודה",report!$I$1089:$I$1102,0)),0) -> 0 | I17: =IFERROR(INDEX(report!$K$1089:$K$1102,MATCH("מחלה",report!$I$1089:$I$1102,0)),0) -> 0 | J17: =IFERROR(INDEX(report!$K$1089:$K$1102,MATCH("מחלה לתשלום",report!$I$1089:$I$1102,0)),0) -> 0 | K17: =IFERROR(INDEX(report!$K$1089:$K$1102,MATCH("חג",report!$I$1089:$I$1102,0)),0) -> 3 | L17: =IFERROR(INDEX(report!$K$1089:$K$1102,MATCH("ערב חג",report!$I$1089:$I$1102,0)),0) -> 2 | M17: =IFERROR(INDEX(report!$K$1089:$K$1102,MATCH("חול המועד",report!$I$1089:$I$1102,0)),0) -> 2 | N17: =report!C1091 -> 22 | O17: ✓ | P17: ללא מחלה | Q17: 78
A18: 86 | B18: נתן פרדר | C18: =report!C1508 -> 14 | D18: =IFERROR(INDEX(report!$K$1507:$K$1520,MATCH("חופש",report!$I$1507:$I$1520,0)),0) -> 0 | E18: =IFERROR(INDEX(report!$K$1507:$K$1520,MATCH("חופשה לחיוב",report!$I$1507:$I$1520,0)),0) -> 0 | F18: =D18+E18 -> 0 | G18: =IFERROR(INDEX(report!$K$1507:$K$1520,MATCH("מילואים",report!$I$1507:$I$1520,0)),0) -> 23 | H18: =IFERROR(INDEX(report!$K$1507:$K$1520,MATCH("תאונת עבודה",report!$I$1507:$I$1520,0)),0) -> 0 | I18: =IFERROR(INDEX(report!$K$1507:$K$1520,MATCH("מחלה",report!$I$1507:$I$1520,0)),0) -> 0 | J18: =IFERROR(INDEX(report!$K$1507:$K$1520,MATCH("מחלה לתשלום",report!$I$1507:$I$1520,0)),0) -> 0 | K18: =IFERROR(INDEX(report!$K$1507:$K$1520,MATCH("חג",report!$I$1507:$I$1520,0)),0) -> 3 | L18: =IFERROR(INDEX(report!$K$1507:$K$1520,MATCH("ערב חג",report!$I$1507:$I$1520,0)),0) -> 0 | M18: =IFERROR(INDEX(report!$K$1507:$K$1520,MATCH("חול המועד",report!$I$1507:$I$1520,0)),0) -> 0 | N18: =report!C1509 -> 22 | O18: ✓ | P18: ללא מחלה | Q18: 86
A19: 87 | B19: רום יחיא | C19: =report!C1560 -> 6 | D19: =IFERROR(INDEX(report!$K$1559:$K$1572,MATCH("חופש",report!$I$1559:$I$1572,0)),0) -> 0 | E19: =IFERROR(INDEX(report!$K$1559:$K$1572,MATCH("חופשה לחיוב",report!$I$1559:$I$1572,0)),0) -> 0 | F19: =D19+E19 -> 0 | G19: =IFERROR(INDEX(report!$K$1559:$K$1572,MATCH("מילואים",report!$I$1559:$I$1572,0)),0) -> 0 | H19: =IFERROR(INDEX(report!$K$1559:$K$1572,MATCH("תאונת עבודה",report!$I$1559:$I$1572,0)),0) -> 0 | I19: =IFERROR(INDEX(report!$K$1559:$K$1572,MATCH("מחלה",report!$I$1559:$I$1572,0)),0) -> 0 | J19: =IFERROR(INDEX(report!$K$1559:$K$1572,MATCH("מחלה לתשלום",report!$I$1559:$I$1572,0)),0) -> 0 | K19: =IFERROR(INDEX(report!$K$1559:$K$1572,MATCH("חג",report!$I$1559:$I$1572,0)),0) -> 1 | L19: =IFERROR(INDEX(report!$K$1559:$K$1572,MATCH("ערב חג",report!$I$1559:$I$1572,0)),0) -> 0 | M19: =IFERROR(INDEX(report!$K$1559:$K$1572,MATCH("חול המועד",report!$I$1559:$I$1572,0)),0) -> 0 | N19: =report!C1561 -> 7 | O19: ✓ | P19: בחו"ל 1-22, ללא תשלום (חוץ מיום עצמאות) | Q19: 87
A20: 92 | B20: לאון שמייב | C20: =report!C1403 -> 14 | D20: =IFERROR(INDEX(report!$K$1402:$K$1415,MATCH("חופש",report!$I$1402:$I$1415,0)),0) -> 0 | E20: =IFERROR(INDEX(report!$K$1402:$K$1415,MATCH("חופשה לחיוב",report!$I$1402:$I$1415,0)),0) -> 1 | F20: =D20+E20 -> 1 | G20: =IFERROR(INDEX(report!$K$1402:$K$1415,MATCH("מילואים",report!$I$1402:$I$1415,0)),0) -> 3 | H20: =IFERROR(INDEX(report!$K$1402:$K$1415,MATCH("תאונת עבודה",report!$I$1402:$I$1415,0)),0) -> 0 | I20: =IFERROR(INDEX(report!$K$1402:$K$1415,MATCH("מחלה",report!$I$1402:$I$1415,0)),0) -> 0 | J20: =IFERROR(INDEX(report!$K$1402:$K$1415,MATCH("מחלה לתשלום",report!$I$1402:$I$1415,0)),0) -> 0 | K20: =IFERROR(INDEX(report!$K$1402:$K$1415,MATCH("חג",report!$I$1402:$I$1415,0)),0) -> 3 | L20: =IFERROR(INDEX(report!$K$1402:$K$1415,MATCH("ערב חג",report!$I$1402:$I$1415,0)),0) -> 2 | M20: =IFERROR(INDEX(report!$K$1402:$K$1415,MATCH("חול המועד",report!$I$1402:$I$1415,0)),0) -> 0 | N20: =report!C1404 -> 22 | O20: ✓ | P20: ללא מחלה | Q20: 92
A21: 93 | B21: יום טוב מוסארי | C21: =report!C1351 -> 17 | D21: =IFERROR(INDEX(report!$K$1350:$K$1363,MATCH("חופש",report!$I$1350:$I$1363,0)),0) -> 0 | E21: =IFERROR(INDEX(report!$K$1350:$K$1363,MATCH("חופשה לחיוב",report!$I$1350:$I$1363,0)),0) -> 0 | F21: =D21+E21 -> 0 | G21: =IFERROR(INDEX(report!$K$1350:$K$1363,MATCH("מילואים",report!$I$1350:$I$1363,0)),0) -> 14 | H21: =IFERROR(INDEX(report!$K$1350:$K$1363,MATCH("תאונת עבודה",report!$I$1350:$I$1363,0)),0) -> 0 | I21: =IFERROR(INDEX(report!$K$1350:$K$1363,MATCH("מחלה",report!$I$1350:$I$1363,0)),0) -> 0 | J21: =IFERROR(INDEX(report!$K$1350:$K$1363,MATCH("מחלה לתשלום",report!$I$1350:$I$1363,0)),0) -> 0 | K21: =IFERROR(INDEX(report!$K$1350:$K$1363,MATCH("חג",report!$I$1350:$I$1363,0)),0) -> 3 | L21: =IFERROR(INDEX(report!$K$1350:$K$1363,MATCH("ערב חג",report!$I$1350:$I$1363,0)),0) -> 0 | M21: =IFERROR(INDEX(report!$K$1350:$K$1363,MATCH("חול המועד",report!$I$1350:$I$1363,0)),0) -> 0 | N21: =report!C1352 -> 22 | O21: ✓ | P21: ללא מחלה | Q21: 93
A22: 94 | B22: טל ניב | C22: =report!C1820 -> 19 | D22: =IFERROR(INDEX(report!$K$1819:$K$1832,MATCH("חופש",report!$I$1819:$I$1832,0)),0) -> 0 | E22: =IFERROR(INDEX(report!$K$1819:$K$1832,MATCH("חופשה לחיוב",report!$I$1819:$I$1832,0)),0) -> 0 | F22: =D22+E22 -> 0 | G22: =IFERROR(INDEX(report!$K$1819:$K$1832,MATCH("מילואים",report!$I$1819:$I$1832,0)),0) -> 0 | H22: =IFERROR(INDEX(report!$K$1819:$K$1832,MATCH("תאונת עבודה",report!$I$1819:$I$1832,0)),0) -> 0 | I22: =IFERROR(INDEX(report!$K$1819:$K$1832,MATCH("מחלה",report!$I$1819:$I$1832,0)),0) -> 0 | J22: =IFERROR(INDEX(report!$K$1819:$K$1832,MATCH("מחלה לתשלום",report!$I$1819:$I$1832,0)),0) -> 0 | K22: =IFERROR(INDEX(report!$K$1819:$K$1832,MATCH("חג",report!$I$1819:$I$1832,0)),0) -> 3 | L22: =IFERROR(INDEX(report!$K$1819:$K$1832,MATCH("ערב חג",report!$I$1819:$I$1832,0)),0) -> 0 | M22: =IFERROR(INDEX(report!$K$1819:$K$1832,MATCH("חול המועד",report!$I$1819:$I$1832,0)),0) -> 2 | N22: =report!C1821 -> 22 | O22: ✓ | P22: ללא מחלה | Q22: 94
A23: 95 | B23: אריאל אליה | C23: =report!C253 -> 0 | D23: =IFERROR(INDEX(report!$K$252:$K$265,MATCH("חופש",report!$I$252:$I$265,0)),0) -> 0 | E23: =IFERROR(INDEX(report!$K$252:$K$265,MATCH("חופשה לחיוב",report!$I$252:$I$265,0)),0) -> 0 | F23: =D23+E23 -> 0 | G23: =IFERROR(INDEX(report!$K$252:$K$265,MATCH("מילואים",report!$I$252:$I$265,0)),0) -> 0 | H23: =IFERROR(INDEX(report!$K$252:$K$265,MATCH("תאונת עבודה",report!$I$252:$I$265,0)),0) -> 22 | I23: =IFERROR(INDEX(report!$K$252:$K$265,MATCH("מחלה",report!$I$252:$I$265,0)),0) -> 0 | J23: =IFERROR(INDEX(report!$K$252:$K$265,MATCH("מחלה לתשלום",report!$I$252:$I$265,0)),0) -> 0 | K23: =IFERROR(INDEX(report!$K$252:$K$265,MATCH("חג",report!$I$252:$I$265,0)),0) -> 0 | L23: =IFERROR(INDEX(report!$K$252:$K$265,MATCH("ערב חג",report!$I$252:$I$265,0)),0) -> 0 | M23: =IFERROR(INDEX(report!$K$252:$K$265,MATCH("חול המועד",report!$I$252:$I$265,0)),0) -> 0 | N23: =report!C254 -> 22 | O23: ✓ | P23: ללא מחלה | Q23: 95
A24: 96 | B24: דניאל בנדרימר | C24: =report!C462 -> 0 | D24: =IFERROR(INDEX(report!$K$461:$K$474,MATCH("חופש",report!$I$461:$I$474,0)),0) -> 2 | E24: =IFERROR(INDEX(report!$K$461:$K$474,MATCH("חופשה לחיוב",report!$I$461:$I$474,0)),0) -> 2.5 | F24: =D24+E24 -> 4.5 | G24: =IFERROR(INDEX(report!$K$461:$K$474,MATCH("מילואים",report!$I$461:$I$474,0)),0) -> 28 | H24: =IFERROR(INDEX(report!$K$461:$K$474,MATCH("תאונת עבודה",report!$I$461:$I$474,0)),0) -> 0 | I24: =IFERROR(INDEX(report!$K$461:$K$474,MATCH("מחלה",report!$I$461:$I$474,0)),0) -> 0 | J24: =IFERROR(INDEX(report!$K$461:$K$474,MATCH("מחלה לתשלום",report!$I$461:$I$474,0)),0) -> 0 | K24: =IFERROR(INDEX(report!$K$461:$K$474,MATCH("חג",report!$I$461:$I$474,0)),0) -> 0 | L24: =IFERROR(INDEX(report!$K$461:$K$474,MATCH("ערב חג",report!$I$461:$I$474,0)),0) -> 0 | M24: =IFERROR(INDEX(report!$K$461:$K$474,MATCH("חול המועד",report!$I$461:$I$474,0)),0) -> 0 | N24: =report!C463 -> 22 | O24: ✓ | P24: ללא מחלה | Q24: 96
A25: 97 | B25: משה בורך | C25: =report!C2084 -> 16 | D25: =IFERROR(INDEX(report!$K$2083:$K$2096,MATCH("חופש",report!$I$2083:$I$2096,0)),0) -> 1 | E25: =IFERROR(INDEX(report!$K$2083:$K$2096,MATCH("חופשה לחיוב",report!$I$2083:$I$2096,0)),0) -> 1 | F25: =D25+E25 -> 2 | G25: =IFERROR(INDEX(report!$K$2083:$K$2096,MATCH("מילואים",report!$I$2083:$I$2096,0)),0) -> 6 | H25: =IFERROR(INDEX(report!$K$2083:$K$2096,MATCH("תאונת עבודה",report!$I$2083:$I$2096,0)),0) -> 0 | I25: =IFERROR(INDEX(report!$K$2083:$K$2096,MATCH("מחלה",report!$I$2083:$I$2096,0)),0) -> 0 | J25: =IFERROR(INDEX(report!$K$2083:$K$2096,MATCH("מחלה לתשלום",report!$I$2083:$I$2096,0)),0) -> 0 | K25: =IFERROR(INDEX(report!$K$2083:$K$2096,MATCH("חג",report!$I$2083:$I$2096,0)),0) -> 3 | L25: =IFERROR(INDEX(report!$K$2083:$K$2096,MATCH("ערב חג",report!$I$2083:$I$2096,0)),0) -> 0 | M25: =IFERROR(INDEX(report!$K$2083:$K$2096,MATCH("חול המועד",report!$I$2083:$I$2096,0)),0) -> 0 | N25: =report!C2085 -> 22 | O25: ✓ | P25: ללא מחלה | Q25: 97
A26: 100 | B26: ולדה טריאקו | C26: =report!C985 -> 15 | D26: =IFERROR(INDEX(report!$K$984:$K$997,MATCH("חופש",report!$I$984:$I$997,0)),0) -> 2 | E26: =IFERROR(INDEX(report!$K$984:$K$997,MATCH("חופשה לחיוב",report!$I$984:$I$997,0)),0) -> 3 | F26: =D26+E26 -> 5 | G26: =IFERROR(INDEX(report!$K$984:$K$997,MATCH("מילואים",report!$I$984:$I$997,0)),0) -> 0 | H26: =IFERROR(INDEX(report!$K$984:$K$997,MATCH("תאונת עבודה",report!$I$984:$I$997,0)),0) -> 0 | I26: =IFERROR(INDEX(report!$K$984:$K$997,MATCH("מחלה",report!$I$984:$I$997,0)),0) -> 0 | J26: =IFERROR(INDEX(report!$K$984:$K$997,MATCH("מחלה לתשלום",report!$I$984:$I$997,0)),0) -> 0 | K26: =IFERROR(INDEX(report!$K$984:$K$997,MATCH("חג",report!$I$984:$I$997,0)),0) -> 3 | L26: =IFERROR(INDEX(report!$K$984:$K$997,MATCH("ערב חג",report!$I$984:$I$997,0)),0) -> 2 | M26: =IFERROR(INDEX(report!$K$984:$K$997,MATCH("חול המועד",report!$I$984:$I$997,0)),0) -> 0 | N26: =report!C986 -> 22 | O26: ✓ | P26: ללא מחלה | Q26: 100
A27: 101 | B27: רפאל שועה | C27: =report!C723 -> 14 | D27: =IFERROR(INDEX(report!$K$722:$K$735,MATCH("חופש",report!$I$722:$I$735,0)),0) -> 0 | E27: =IFERROR(INDEX(report!$K$722:$K$735,MATCH("חופשה לחיוב",report!$I$722:$I$735,0)),0) -> 0.5 | F27: =D27+E27 -> 0.5 | G27: =IFERROR(INDEX(report!$K$722:$K$735,MATCH("מילואים",report!$I$722:$I$735,0)),0) -> 11 | H27: =IFERROR(INDEX(report!$K$722:$K$735,MATCH("תאונת עבודה",report!$I$722:$I$735,0)),0) -> 0 | I27: =IFERROR(INDEX(report!$K$722:$K$735,MATCH("מחלה",report!$I$722:$I$735,0)),0) -> 0 | J27: =IFERROR(INDEX(report!$K$722:$K$735,MATCH("מחלה לתשלום",report!$I$722:$I$735,0)),0) -> 0 | K27: =IFERROR(INDEX(report!$K$722:$K$735,MATCH("חג",report!$I$722:$I$735,0)),0) -> 3 | L27: =IFERROR(INDEX(report!$K$722:$K$735,MATCH("ערב חג",report!$I$722:$I$735,0)),0) -> 0 | M27: =IFERROR(INDEX(report!$K$722:$K$735,MATCH("חול המועד",report!$I$722:$I$735,0)),0) -> 0 | N27: =report!C724 -> 22 | O27: ✓ | P27: ללא מחלה | Q27: 101
A28: 105 | B28: קומרוב ג'סיקה | C28: =report!C671 -> 16 | D28: =IFERROR(INDEX(report!$K$670:$K$683,MATCH("חופש",report!$I$670:$I$683,0)),0) -> 0 | E28: =IFERROR(INDEX(report!$K$670:$K$683,MATCH("חופשה לחיוב",report!$I$670:$I$683,0)),0) -> 1.5 | F28: =D28+E28 -> 1.5 | G28: =IFERROR(INDEX(report!$K$670:$K$683,MATCH("מילואים",report!$I$670:$I$683,0)),0) -> 0 | H28: =IFERROR(INDEX(report!$K$670:$K$683,MATCH("תאונת עבודה",report!$I$670:$I$683,0)),0) -> 0 | I28: =IFERROR(INDEX(report!$K$670:$K$683,MATCH("מחלה",report!$I$670:$I$683,0)),0) -> 0 | J28: =IFERROR(INDEX(report!$K$670:$K$683,MATCH("מחלה לתשלום",report!$I$670:$I$683,0)),0) -> 0 | K28: =IFERROR(INDEX(report!$K$670:$K$683,MATCH("חג",report!$I$670:$I$683,0)),0) -> 3 | L28: =IFERROR(INDEX(report!$K$670:$K$683,MATCH("ערב חג",report!$I$670:$I$683,0)),0) -> 3 | M28: =IFERROR(INDEX(report!$K$670:$K$683,MATCH("חול המועד",report!$I$670:$I$683,0)),0) -> 2 | N28: =report!C672 -> 22 | O28: ✓ | P28: ללא מחלה | Q28: 105
A29: 106 | B29: אוראל שווקי | C29: =report!C1664 -> 14 | D29: =IFERROR(INDEX(report!$K$1663:$K$1676,MATCH("חופש",report!$I$1663:$I$1676,0)),0) -> 0 | E29: =IFERROR(INDEX(report!$K$1663:$K$1676,MATCH("חופשה לחיוב",report!$I$1663:$I$1676,0)),0) -> 0.5 | F29: =D29+E29 -> 0.5 | G29: =IFERROR(INDEX(report!$K$1663:$K$1676,MATCH("מילואים",report!$I$1663:$I$1676,0)),0) -> 0 | H29: =IFERROR(INDEX(report!$K$1663:$K$1676,MATCH("תאונת עבודה",report!$I$1663:$I$1676,0)),0) -> 0 | I29: =IFERROR(INDEX(report!$K$1663:$K$1676,MATCH("מחלה",report!$I$1663:$I$1676,0)),0) -> 4 | J29: =IFERROR(INDEX(report!$K$1663:$K$1676,MATCH("מחלה לתשלום",report!$I$1663:$I$1676,0)),0) -> 0 | K29: =IFERROR(INDEX(report!$K$1663:$K$1676,MATCH("חג",report!$I$1663:$I$1676,0)),0) -> 3 | L29: =IFERROR(INDEX(report!$K$1663:$K$1676,MATCH("ערב חג",report!$I$1663:$I$1676,0)),0) -> 1 | M29: =IFERROR(INDEX(report!$K$1663:$K$1676,MATCH("חול המועד",report!$I$1663:$I$1676,0)),0) -> 0 | N29: =report!C1665 -> 20 | O29: ✓ | P29: הופחת 1.5 ימים בגין מחלה | Q29: 106
A30: 109 | B30: נתן מזרחי | C30: =report!C2136 -> 15 | D30: =IFERROR(INDEX(report!$K$2135:$K$2148,MATCH("חופש",report!$I$2135:$I$2148,0)),0) -> 0 | E30: =IFERROR(INDEX(report!$K$2135:$K$2148,MATCH("חופשה לחיוב",report!$I$2135:$I$2148,0)),0) -> 3 | F30: =D30+E30 -> 3 | G30: =IFERROR(INDEX(report!$K$2135:$K$2148,MATCH("מילואים",report!$I$2135:$I$2148,0)),0) -> 0 | H30: =IFERROR(INDEX(report!$K$2135:$K$2148,MATCH("תאונת עבודה",report!$I$2135:$I$2148,0)),0) -> 0 | I30: =IFERROR(INDEX(report!$K$2135:$K$2148,MATCH("מחלה",report!$I$2135:$I$2148,0)),0) -> 0 | J30: =IFERROR(INDEX(report!$K$2135:$K$2148,MATCH("מחלה לתשלום",report!$I$2135:$I$2148,0)),0) -> 0 | K30: =IFERROR(INDEX(report!$K$2135:$K$2148,MATCH("חג",report!$I$2135:$I$2148,0)),0) -> 3 | L30: =IFERROR(INDEX(report!$K$2135:$K$2148,MATCH("ערב חג",report!$I$2135:$I$2148,0)),0) -> 2 | M30: =IFERROR(INDEX(report!$K$2135:$K$2148,MATCH("חול המועד",report!$I$2135:$I$2148,0)),0) -> 2 | N30: =report!C2137 -> 22 | O30: ✓ | P30: ללא מחלה | Q30: 109
A31: 110 | B31: בר אשטון | C31: =report!C305 -> 15 | D31: =IFERROR(INDEX(report!$K$304:$K$317,MATCH("חופש",report!$I$304:$I$317,0)),0) -> 1 | E31: =IFERROR(INDEX(report!$K$304:$K$317,MATCH("חופשה לחיוב",report!$I$304:$I$317,0)),0) -> 2.5 | F31: =D31+E31 -> 3.5 | G31: =IFERROR(INDEX(report!$K$304:$K$317,MATCH("מילואים",report!$I$304:$I$317,0)),0) -> 0 | H31: =IFERROR(INDEX(report!$K$304:$K$317,MATCH("תאונת עבודה",report!$I$304:$I$317,0)),0) -> 0 | I31: =IFERROR(INDEX(report!$K$304:$K$317,MATCH("מחלה",report!$I$304:$I$317,0)),0) -> 0 | J31: =IFERROR(INDEX(report!$K$304:$K$317,MATCH("מחלה לתשלום",report!$I$304:$I$317,0)),0) -> 0 | K31: =IFERROR(INDEX(report!$K$304:$K$317,MATCH("חג",report!$I$304:$I$317,0)),0) -> 3 | L31: =IFERROR(INDEX(report!$K$304:$K$317,MATCH("ערב חג",report!$I$304:$I$317,0)),0) -> 3 | M31: =IFERROR(INDEX(report!$K$304:$K$317,MATCH("חול המועד",report!$I$304:$I$317,0)),0) -> 2 | N31: =report!C306 -> 22 | O31: ✓ | P31: ללא מחלה | Q31: 110
A32: 112 | B32: נהיראל כהן | C32: =report!C619 -> 4 | D32: =IFERROR(INDEX(report!$K$618:$K$631,MATCH("חופש",report!$I$618:$I$631,0)),0) -> 1 | E32: =IFERROR(INDEX(report!$K$618:$K$631,MATCH("חופשה לחיוב",report!$I$618:$I$631,0)),0) -> 2.5 | F32: =D32+E32 -> 3.5 | G32: =IFERROR(INDEX(report!$K$618:$K$631,MATCH("מילואים",report!$I$618:$I$631,0)),0) -> 16 | H32: =IFERROR(INDEX(report!$K$618:$K$631,MATCH("תאונת עבודה",report!$I$618:$I$631,0)),0) -> 0 | I32: =IFERROR(INDEX(report!$K$618:$K$631,MATCH("מחלה",report!$I$618:$I$631,0)),0) -> 0 | J32: =IFERROR(INDEX(report!$K$618:$K$631,MATCH("מחלה לתשלום",report!$I$618:$I$631,0)),0) -> 0 | K32: =IFERROR(INDEX(report!$K$618:$K$631,MATCH("חג",report!$I$618:$I$631,0)),0) -> 3 | L32: =IFERROR(INDEX(report!$K$618:$K$631,MATCH("ערב חג",report!$I$618:$I$631,0)),0) -> 3 | M32: =IFERROR(INDEX(report!$K$618:$K$631,MATCH("חול המועד",report!$I$618:$I$631,0)),0) -> 2 | N32: =report!C620 -> 22 | O32: ✓ | P32: ללא מחלה | Q32: 112
A33: 113 | B33: אורי אשתר | C33: =report!C43 -> 14 | D33: =IFERROR(INDEX(report!$K$42:$K$55,MATCH("חופש",report!$I$42:$I$55,0)),0) -> 0 | E33: =IFERROR(INDEX(report!$K$42:$K$55,MATCH("חופשה לחיוב",report!$I$42:$I$55,0)),0) -> 3.5 | F33: =D33+E33 -> 3.5 | G33: =IFERROR(INDEX(report!$K$42:$K$55,MATCH("מילואים",report!$I$42:$I$55,0)),0) -> 0 | H33: =IFERROR(INDEX(report!$K$42:$K$55,MATCH("תאונת עבודה",report!$I$42:$I$55,0)),0) -> 0 | I33: =IFERROR(INDEX(report!$K$42:$K$55,MATCH("מחלה",report!$I$42:$I$55,0)),0) -> 0 | J33: =IFERROR(INDEX(report!$K$42:$K$55,MATCH("מחלה לתשלום",report!$I$42:$I$55,0)),0) -> 0 | K33: =IFERROR(INDEX(report!$K$42:$K$55,MATCH("חג",report!$I$42:$I$55,0)),0) -> 3 | L33: =IFERROR(INDEX(report!$K$42:$K$55,MATCH("ערב חג",report!$I$42:$I$55,0)),0) -> 3 | M33: =IFERROR(INDEX(report!$K$42:$K$55,MATCH("חול המועד",report!$I$42:$I$55,0)),0) -> 2 | N33: =report!C44 -> 22 | O33: ✓ | P33: ללא מחלה | Q33: 113
A34: 115 | B34: יענקל מונטבולינסקי | C34: =report!C1872 -> 16 | D34: =IFERROR(INDEX(report!$K$1871:$K$1884,MATCH("חופש",report!$I$1871:$I$1884,0)),0) -> 0 | E34: =IFERROR(INDEX(report!$K$1871:$K$1884,MATCH("חופשה לחיוב",report!$I$1871:$I$1884,0)),0) -> 1 | F34: =D34+E34 -> 1 | G34: =IFERROR(INDEX(report!$K$1871:$K$1884,MATCH("מילואים",report!$I$1871:$I$1884,0)),0) -> 0 | H34: =IFERROR(INDEX(report!$K$1871:$K$1884,MATCH("תאונת עבודה",report!$I$1871:$I$1884,0)),0) -> 0 | I34: =IFERROR(INDEX(report!$K$1871:$K$1884,MATCH("מחלה",report!$I$1871:$I$1884,0)),0) -> 1 | J34: =IFERROR(INDEX(report!$K$1871:$K$1884,MATCH("מחלה לתשלום",report!$I$1871:$I$1884,0)),0) -> 0 | K34: =IFERROR(INDEX(report!$K$1871:$K$1884,MATCH("חג",report!$I$1871:$I$1884,0)),0) -> 3 | L34: =IFERROR(INDEX(report!$K$1871:$K$1884,MATCH("ערב חג",report!$I$1871:$I$1884,0)),0) -> 2 | M34: =IFERROR(INDEX(report!$K$1871:$K$1884,MATCH("חול המועד",report!$I$1871:$I$1884,0)),0) -> 0 | N34: =report!C1873 -> 21 | O34: ✓ | P34: ללא מחלה | Q34: 115
A35: 116 | B35: אבישי שרון מהדקאר | C35: =report!C2240 -> 16 | D35: =IFERROR(INDEX(report!$K$2239:$K$2252,MATCH("חופש",report!$I$2239:$I$2252,0)),0) -> 0 | E35: =IFERROR(INDEX(report!$K$2239:$K$2252,MATCH("חופשה לחיוב",report!$I$2239:$I$2252,0)),0) -> 3 | F35: =D35+E35 -> 3 | G35: =IFERROR(INDEX(report!$K$2239:$K$2252,MATCH("מילואים",report!$I$2239:$I$2252,0)),0) -> 0 | H35: =IFERROR(INDEX(report!$K$2239:$K$2252,MATCH("תאונת עבודה",report!$I$2239:$I$2252,0)),0) -> 0 | I35: =IFERROR(INDEX(report!$K$2239:$K$2252,MATCH("מחלה",report!$I$2239:$I$2252,0)),0) -> 0 | J35: =IFERROR(INDEX(report!$K$2239:$K$2252,MATCH("מחלה לתשלום",report!$I$2239:$I$2252,0)),0) -> 0 | K35: =IFERROR(INDEX(report!$K$2239:$K$2252,MATCH("חג",report!$I$2239:$I$2252,0)),0) -> 3 | L35: =IFERROR(INDEX(report!$K$2239:$K$2252,MATCH("ערב חג",report!$I$2239:$I$2252,0)),0) -> 2 | M35: =IFERROR(INDEX(report!$K$2239:$K$2252,MATCH("חול המועד",report!$I$2239:$I$2252,0)),0) -> 2 | N35: =report!C2241 -> 22 | O35: ✓ | P35: הופחת 1 ימים בגין מחלה | Q35: 116
A36: 117 | B36: הודיה הכהן | C36: =report!C1246 -> 12 | D36: =IFERROR(INDEX(report!$K$1245:$K$1258,MATCH("חופש",report!$I$1245:$I$1258,0)),0) -> 1 | E36: =IFERROR(INDEX(report!$K$1245:$K$1258,MATCH("חופשה לחיוב",report!$I$1245:$I$1258,0)),0) -> 4.5 | F36: =D36+E36 -> 5.5 | G36: =IFERROR(INDEX(report!$K$1245:$K$1258,MATCH("מילואים",report!$I$1245:$I$1258,0)),0) -> 0 | H36: =IFERROR(INDEX(report!$K$1245:$K$1258,MATCH("תאונת עבודה",report!$I$1245:$I$1258,0)),0) -> 0 | I36: =IFERROR(INDEX(report!$K$1245:$K$1258,MATCH("מחלה",report!$I$1245:$I$1258,0)),0) -> 0 | J36: =IFERROR(INDEX(report!$K$1245:$K$1258,MATCH("מחלה לתשלום",report!$I$1245:$I$1258,0)),0) -> 0 | K36: =IFERROR(INDEX(report!$K$1245:$K$1258,MATCH("חג",report!$I$1245:$I$1258,0)),0) -> 3 | L36: =IFERROR(INDEX(report!$K$1245:$K$1258,MATCH("ערב חג",report!$I$1245:$I$1258,0)),0) -> 3 | M36: =IFERROR(INDEX(report!$K$1245:$K$1258,MATCH("חול המועד",report!$I$1245:$I$1258,0)),0) -> 2 | N36: =report!C1247 -> 21 | O36: ✓ | P36: חוסר סגירה: ה-09 - הופחתו 1 ימים | Q36: 117
A37: 118 | B37: אורי דוד עברי | C37: =report!C96 -> 12 | D37: =IFERROR(INDEX(report!$K$95:$K$108,MATCH("חופש",report!$I$95:$I$108,0)),0) -> 1 | E37: =IFERROR(INDEX(report!$K$95:$K$108,MATCH("חופשה לחיוב",report!$I$95:$I$108,0)),0) -> 0 | F37: =D37+E37 -> 1 | G37: =IFERROR(INDEX(report!$K$95:$K$108,MATCH("מילואים",report!$I$95:$I$108,0)),0) -> 3 | H37: =IFERROR(INDEX(report!$K$95:$K$108,MATCH("תאונת עבודה",report!$I$95:$I$108,0)),0) -> 0 | I37: =IFERROR(INDEX(report!$K$95:$K$108,MATCH("מחלה",report!$I$95:$I$108,0)),0) -> 0 | J37: =IFERROR(INDEX(report!$K$95:$K$108,MATCH("מחלה לתשלום",report!$I$95:$I$108,0)),0) -> 0 | K37: =IFERROR(INDEX(report!$K$95:$K$108,MATCH("חג",report!$I$95:$I$108,0)),0) -> 3 | L37: =IFERROR(INDEX(report!$K$95:$K$108,MATCH("ערב חג",report!$I$95:$I$108,0)),0) -> 2 | M37: =IFERROR(INDEX(report!$K$95:$K$108,MATCH("חול המועד",report!$I$95:$I$108,0)),0) -> 2 | N37: =report!C97 -> 20 | O37: ✓ | P37: חוסר סגירה: ה-16, ה-23 - הופחתו 2 ימים | Q37: 118
A38: 119 | B38: טל בירנבאום | C38: =report!C1299 -> 12 | D38: =IFERROR(INDEX(report!$K$1298:$K$1311,MATCH("חופש",report!$I$1298:$I$1311,0)),0) -> 1 | E38: =IFERROR(INDEX(report!$K$1298:$K$1311,MATCH("חופשה לחיוב",report!$I$1298:$I$1311,0)),0) -> 2.5 | F38: =D38+E38 -> 3.5 | G38: =IFERROR(INDEX(report!$K$1298:$K$1311,MATCH("מילואים",report!$I$1298:$I$1311,0)),0) -> 0 | H38: =IFERROR(INDEX(report!$K$1298:$K$1311,MATCH("תאונת עבודה",report!$I$1298:$I$1311,0)),0) -> 0 | I38: =IFERROR(INDEX(report!$K$1298:$K$1311,MATCH("מחלה",report!$I$1298:$I$1311,0)),0) -> 0 | J38: =IFERROR(INDEX(report!$K$1298:$K$1311,MATCH("מחלה לתשלום",report!$I$1298:$I$1311,0)),0) -> 0 | K38: =IFERROR(INDEX(report!$K$1298:$K$1311,MATCH("חג",report!$I$1298:$I$1311,0)),0) -> 3 | L38: =IFERROR(INDEX(report!$K$1298:$K$1311,MATCH("ערב חג",report!$I$1298:$I$1311,0)),0) -> 3 | M38: =IFERROR(INDEX(report!$K$1298:$K$1311,MATCH("חול המועד",report!$I$1298:$I$1311,0)),0) -> 0 | N38: =report!C1300 -> 11 | O38: ✓ | P38: ללא מחלה | Q38: 119
A39: 121 | B39: איתי קעטבי | C39: =report!C148 -> 5 | D39: =IFERROR(INDEX(report!$K$147:$K$160,MATCH("חופש",report!$I$147:$I$160,0)),0) -> 0 | E39: =IFERROR(INDEX(report!$K$147:$K$160,MATCH("חופשה לחיוב",report!$I$147:$I$160,0)),0) -> 3.5 | F39: =D39+E39 -> 3.5 | G39: =IFERROR(INDEX(report!$K$147:$K$160,MATCH("מילואים",report!$I$147:$I$160,0)),0) -> 9 | H39: =IFERROR(INDEX(report!$K$147:$K$160,MATCH("תאונת עבודה",report!$I$147:$I$160,0)),0) -> 0 | I39: =IFERROR(INDEX(report!$K$147:$K$160,MATCH("מחלה",report!$I$147:$I$160,0)),0) -> 0 | J39: =IFERROR(INDEX(report!$K$147:$K$160,MATCH("מחלה לתשלום",report!$I$147:$I$160,0)),0) -> 0 | K39: =IFERROR(INDEX(report!$K$147:$K$160,MATCH("חג",report!$I$147:$I$160,0)),0) -> 3 | L39: =IFERROR(INDEX(report!$K$147:$K$160,MATCH("ערב חג",report!$I$147:$I$160,0)),0) -> 3 | M39: =IFERROR(INDEX(report!$K$147:$K$160,MATCH("חול המועד",report!$I$147:$I$160,0)),0) -> 2 | N39: =report!C149 -> 22 | O39: ✓ | P39: ללא מחלה | Q39: 121
A40: 122 | B40: Tami demello | C40: =report!C879 -> 8 | D40: =IFERROR(INDEX(report!$K$878:$K$891,MATCH("חופש",report!$I$878:$I$891,0)),0) -> 0 | E40: =IFERROR(INDEX(report!$K$878:$K$891,MATCH("חופשה לחיוב",report!$I$878:$I$891,0)),0) -> 3.5 | F40: =D40+E40 -> 3.5 | G40: =IFERROR(INDEX(report!$K$878:$K$891,MATCH("מילואים",report!$I$878:$I$891,0)),0) -> 0 | H40: =IFERROR(INDEX(report!$K$878:$K$891,MATCH("תאונת עבודה",report!$I$878:$I$891,0)),0) -> 0 | I40: =IFERROR(INDEX(report!$K$878:$K$891,MATCH("מחלה",report!$I$878:$I$891,0)),0) -> 0 | J40: =IFERROR(INDEX(report!$K$878:$K$891,MATCH("מחלה לתשלום",report!$I$878:$I$891,0)),0) -> 0 | K40: =IFERROR(INDEX(report!$K$878:$K$891,MATCH("חג",report!$I$878:$I$891,0)),0) -> 3 | L40: =IFERROR(INDEX(report!$K$878:$K$891,MATCH("ערב חג",report!$I$878:$I$891,0)),0) -> 3 | M40: =IFERROR(INDEX(report!$K$878:$K$891,MATCH("חול המועד",report!$I$878:$I$891,0)),0) -> 2 | N40: =report!C880 -> 22 | O40: ✓ | P40: ללא מחלה | Q40: 122
A41: 123 | B41: אריק רוזנווסר | C41: =report!C1768 -> 13 | D41: =IFERROR(INDEX(report!$K$1767:$K$1780,MATCH("חופש",report!$I$1767:$I$1780,0)),0) -> 0 | E41: =IFERROR(INDEX(report!$K$1767:$K$1780,MATCH("חופשה לחיוב",report!$I$1767:$I$1780,0)),0) -> 3 | F41: =D41+E41 -> 3 | G41: =IFERROR(INDEX(report!$K$1767:$K$1780,MATCH("מילואים",report!$I$1767:$I$1780,0)),0) -> 0 | H41: =IFERROR(INDEX(report!$K$1767:$K$1780,MATCH("תאונת עבודה",report!$I$1767:$I$1780,0)),0) -> 0 | I41: =IFERROR(INDEX(report!$K$1767:$K$1780,MATCH("מחלה",report!$I$1767:$I$1780,0)),0) -> 0 | J41: =IFERROR(INDEX(report!$K$1767:$K$1780,MATCH("מחלה לתשלום",report!$I$1767:$I$1780,0)),0) -> 0 | K41: =IFERROR(INDEX(report!$K$1767:$K$1780,MATCH("חג",report!$I$1767:$I$1780,0)),0) -> 3 | L41: =IFERROR(INDEX(report!$K$1767:$K$1780,MATCH("ערב חג",report!$I$1767:$I$1780,0)),0) -> 2 | M41: =IFERROR(INDEX(report!$K$1767:$K$1780,MATCH("חול המועד",report!$I$1767:$I$1780,0)),0) -> 2 | N41: =report!C1769 -> 20 | O41: ✓ | P41: חוסר סגירה: א-12, ד-29 - הופחתו 2 ימים | Q41: 123
A42: 124 | B42: מיכה אברג'ל | C42: =report!C1456 -> 8 | D42: =IFERROR(INDEX(report!$K$1455:$K$1468,MATCH("חופש",report!$I$1455:$I$1468,0)),0) -> 1 | E42: =IFERROR(INDEX(report!$K$1455:$K$1468,MATCH("חופשה לחיוב",report!$I$1455:$I$1468,0)),0) -> 2.5 | F42: =D42+E42 -> 3.5 | G42: =IFERROR(INDEX(report!$K$1455:$K$1468,MATCH("מילואים",report!$I$1455:$I$1468,0)),0) -> 12 | H42: =IFERROR(INDEX(report!$K$1455:$K$1468,MATCH("תאונת עבודה",report!$I$1455:$I$1468,0)),0) -> 0 | I42: =IFERROR(INDEX(report!$K$1455:$K$1468,MATCH("מחלה",report!$I$1455:$I$1468,0)),0) -> 0 | J42: =IFERROR(INDEX(report!$K$1455:$K$1468,MATCH("מחלה לתשלום",report!$I$1455:$I$1468,0)),0) -> 0 | K42: =IFERROR(INDEX(report!$K$1455:$K$1468,MATCH("חג",report!$I$1455:$I$1468,0)),0) -> 3 | L42: =IFERROR(INDEX(report!$K$1455:$K$1468,MATCH("ערב חג",report!$I$1455:$I$1468,0)),0) -> 3 | M42: =IFERROR(INDEX(report!$K$1455:$K$1468,MATCH("חול המועד",report!$I$1455:$I$1468,0)),0) -> 2 | N42: =report!C1457 -> 22 | O42: ✓ | P42: ללא מחלה | Q42: 124
A43: 125 | B43: דני ישראל | C43: =report!C1194 -> 8 | D43: =IFERROR(INDEX(report!$K$1193:$K$1206,MATCH("חופש",report!$I$1193:$I$1206,0)),0) -> 0 | E43: =IFERROR(INDEX(report!$K$1193:$K$1206,MATCH("חופשה לחיוב",report!$I$1193:$I$1206,0)),0) -> 0 | F43: =D43+E43 -> 0 | G43: =IFERROR(INDEX(report!$K$1193:$K$1206,MATCH("מילואים",report!$I$1193:$I$1206,0)),0) -> 28 | H43: =IFERROR(INDEX(report!$K$1193:$K$1206,MATCH("תאונת עבודה",report!$I$1193:$I$1206,0)),0) -> 0 | I43: =IFERROR(INDEX(report!$K$1193:$K$1206,MATCH("מחלה",report!$I$1193:$I$1206,0)),0) -> 0 | J43: =IFERROR(INDEX(report!$K$1193:$K$1206,MATCH("מחלה לתשלום",report!$I$1193:$I$1206,0)),0) -> 0 | K43: =IFERROR(INDEX(report!$K$1193:$K$1206,MATCH("חג",report!$I$1193:$I$1206,0)),0) -> 0 | L43: =IFERROR(INDEX(report!$K$1193:$K$1206,MATCH("ערב חג",report!$I$1193:$I$1206,0)),0) -> 0 | M43: =IFERROR(INDEX(report!$K$1193:$K$1206,MATCH("חול המועד",report!$I$1193:$I$1206,0)),0) -> 0 | N43: =report!C1195 -> 22 | O43: ✓ | P43: ללא מחלה | Q43: 125
A44: 126 | B44: מיכאל קייטלין | C44: =report!C2292 -> 9 | D44: =IFERROR(INDEX(report!$K$2291:$K$2304,MATCH("חופש",report!$I$2291:$I$2304,0)),0) -> 0 | E44: =IFERROR(INDEX(report!$K$2291:$K$2304,MATCH("חופשה לחיוב",report!$I$2291:$I$2304,0)),0) -> 3 | F44: =D44+E44 -> 3 | G44: =IFERROR(INDEX(report!$K$2291:$K$2304,MATCH("מילואים",report!$I$2291:$I$2304,0)),0) -> 0 | H44: =IFERROR(INDEX(report!$K$2291:$K$2304,MATCH("תאונת עבודה",report!$I$2291:$I$2304,0)),0) -> 0 | I44: =IFERROR(INDEX(report!$K$2291:$K$2304,MATCH("מחלה",report!$I$2291:$I$2304,0)),0) -> 0 | J44: =IFERROR(INDEX(report!$K$2291:$K$2304,MATCH("מחלה לתשלום",report!$I$2291:$I$2304,0)),0) -> 0 | K44: =IFERROR(INDEX(report!$K$2291:$K$2304,MATCH("חג",report!$I$2291:$I$2304,0)),0) -> 0 | L44: =IFERROR(INDEX(report!$K$2291:$K$2304,MATCH("ערב חג",report!$I$2291:$I$2304,0)),0) -> 0 | M44: =IFERROR(INDEX(report!$K$2291:$K$2304,MATCH("חול המועד",report!$I$2291:$I$2304,0)),0) -> 0 | N44: =report!C2293 -> 10 | O44: ✓ | P44: התחיל עבודה 19.04 | Q44: 126
A45: 127 | B45: שרון זמן | C45: =report!C827 -> 4 | D45: =IFERROR(INDEX(report!$K$826:$K$839,MATCH("חופש",report!$I$826:$I$839,0)),0) -> 0 | E45: =IFERROR(INDEX(report!$K$826:$K$839,MATCH("חופשה לחיוב",report!$I$826:$I$839,0)),0) -> 3.5 | F45: =D45+E45 -> 3.5 | G45: =IFERROR(INDEX(report!$K$826:$K$839,MATCH("מילואים",report!$I$826:$I$839,0)),0) -> 0 | H45: =IFERROR(INDEX(report!$K$826:$K$839,MATCH("תאונת עבודה",report!$I$826:$I$839,0)),0) -> 0 | I45: =IFERROR(INDEX(report!$K$826:$K$839,MATCH("מחלה",report!$I$826:$I$839,0)),0) -> 0 | J45: =IFERROR(INDEX(report!$K$826:$K$839,MATCH("מחלה לתשלום",report!$I$826:$I$839,0)),0) -> 0 | K45: =IFERROR(INDEX(report!$K$826:$K$839,MATCH("חג",report!$I$826:$I$839,0)),0) -> 0 | L45: =IFERROR(INDEX(report!$K$826:$K$839,MATCH("ערב חג",report!$I$826:$I$839,0)),0) -> 0 | M45: =IFERROR(INDEX(report!$K$826:$K$839,MATCH("חול המועד",report!$I$826:$I$839,0)),0) -> 0 | N45: =report!C828 -> 4 | O45: ✓ | P45: התחיל עבודה 27.04 | Q45: קבלן
A46: קבלן | B46: אמיר אורון | C46: =report!C1037 -> 11 | D46: =IFERROR(INDEX(report!$K$1036:$K$1049,MATCH("חופש",report!$I$1036:$I$1049,0)),0) -> 0 | E46: =IFERROR(INDEX(report!$K$1036:$K$1049,MATCH("חופשה לחיוב",report!$I$1036:$I$1049,0)),0) -> 1 | F46: =D46+E46 -> 1 | G46: =IFERROR(INDEX(report!$K$1036:$K$1049,MATCH("מילואים",report!$I$1036:$I$1049,0)),0) -> 0 | H46: =IFERROR(INDEX(report!$K$1036:$K$1049,MATCH("תאונת עבודה",report!$I$1036:$I$1049,0)),0) -> 0 | I46: =IFERROR(INDEX(report!$K$1036:$K$1049,MATCH("מחלה",report!$I$1036:$I$1049,0)),0) -> 0 | J46: =IFERROR(INDEX(report!$K$1036:$K$1049,MATCH("מחלה לתשלום",report!$I$1036:$I$1049,0)),0) -> 0 | K46: =IFERROR(INDEX(report!$K$1036:$K$1049,MATCH("חג",report!$I$1036:$I$1049,0)),0) -> 3 | L46: =IFERROR(INDEX(report!$K$1036:$K$1049,MATCH("ערב חג",report!$I$1036:$I$1049,0)),0) -> 2 | M46: =IFERROR(INDEX(report!$K$1036:$K$1049,MATCH("חול המועד",report!$I$1036:$I$1049,0)),0) -> 2 | N46: =report!C1038 -> 22 | O46: ✓ | P46: ללא מחלה | Q46: קבלן
A47: קבלן | B47: דוד וורטמן | C47: =report!C410 -> 5 | D47: =IFERROR(INDEX(report!$K$409:$K$422,MATCH("חופש",report!$I$409:$I$422,0)),0) -> 0 | E47: =IFERROR(INDEX(report!$K$409:$K$422,MATCH("חופשה לחיוב",report!$I$409:$I$422,0)),0) -> 3.5 | F47: =D47+E47 -> 3.5 | G47: =IFERROR(INDEX(report!$K$409:$K$422,MATCH("מילואים",report!$I$409:$I$422,0)),0) -> 0 | H47: =IFERROR(INDEX(report!$K$409:$K$422,MATCH("תאונת עבודה",report!$I$409:$I$422,0)),0) -> 0 | I47: =IFERROR(INDEX(report!$K$409:$K$422,MATCH("מחלה",report!$I$409:$I$422,0)),0) -> 0 | J47: =IFERROR(INDEX(report!$K$409:$K$422,MATCH("מחלה לתשלום",report!$I$409:$I$422,0)),0) -> 0 | K47: =IFERROR(INDEX(report!$K$409:$K$422,MATCH("חג",report!$I$409:$I$422,0)),0) -> 3 | L47: =IFERROR(INDEX(report!$K$409:$K$422,MATCH("ערב חג",report!$I$409:$I$422,0)),0) -> 3 | M47: =IFERROR(INDEX(report!$K$409:$K$422,MATCH("חול המועד",report!$I$409:$I$422,0)),0) -> 2 | N47: =report!C411 -> 22 | O47: ✓ | P47: ללא מחלה | Q47: קבלן
B48: סה"כ | C48: =SUM(C4:C47) -> 492 | D48: =SUM(D4:D47) -> 23 | E48: =SUM(E4:E47) -> 94 | F48: =SUM(F4:F47) -> 117 | G48: =SUM(G4:G47) -> 222 | H48: =SUM(H4:H47) -> 22 | I48: =SUM(I4:I47) -> 11 | J48: =SUM(J4:J47) -> 0 | ... N48: =SUM(N4:N47) -> 895.5
B50: הערות:
B51: • ימים משולמים = 22 (ברירת מחדל) - מחלה לא משולמת. חישוב מחלה: יום1=1 יום, ימים 2-3=0.5 יום, יום 4+=0 (לא משולם).
B52: • "סה"כ חופשה" = חופש קיים (אירועי 'חופש' בפועל) + חופשה לחיוב (חופש בערב חג/חוה"מ ללא נוכחות וללא מילואים).
B53: • ימי חג = 02.04, 08.04, 22.04. ערבי חג = 01.04, 07.04, 21.04. חוה"מ = 05.04, 06.04 (ימי חול).
B54: • אריאל אליה: כל החודש בתאונת עבודה (14 ימי חול/חוה"מ).
B55: • דניאל בנדרימר: כל החודש במילואים (14 ימי חול/חוה"מ).
B56: • ✓ כל הסכומים מאוזנים - ימי משולמים מתאימים לחישוב (22 בסיס - מחלה לא משולמת).

Sheet נייר עבודה_OLD
A3: מס' עובד | B3: שם עובד | C3: ימי נוכחות | D3: ימים משולמים | E3: חופשה לחיוב | F3: ימי מחלה | G3: ימי מילואים | H3: סה"כ שעות (משולמות) | I3: שעות 100% | J3: שעות 125% | K3: שעות 150% | L3: שעות עבודה במילואים | M3: בדיקה (G - H-J) | N3: מס' עובד
A4: 7 | B4: חיים ראש | C4: 12 | D4: 21 | E4: 4.5 | F4: 0 | G4: 0 | H4: 115.4 | I4: 100.05 | J4: 13.53 | K4: 1.81 | L4: 0 | M4: 0.01 | N4: 7
A5: 8 | B5: דוד אחדות | C5: 12 | D5: 22 | E5: 5.5 | F5: 0 | G5: 0 | H5: 117.65 | I5: 100.58 | J5: 16.68 | K5: 0.38 | L5: 0 | M5: 0.01 | N5: 8
A6: 11 | B6: לוי דביש | C6: 12 | D6: 20 | E6: 2.5 | F6: 0 | G6: 0 | H6: 76.98 | I6: 76.98 | J6: 0 | K6: 0 | L6: 0 | M6: 0 | N6: 11
A7: 22 | B7: אפרים רחמנוב | C7: 14 | D7: 22 | E7: 3.5 | F7: 0 | G7: 0 | H7: 129.65 | I7: 115.7 | J7: 13.5 | K7: 0.45 | L7: 0 | M7: 0 | N7: 22
A8: 54 | B8: דוד לוי | C8: 10 | D8: 20 | E8: 0 | F8: 4 | G8: 0 | H8: 69.86 | I8: 67.13 | J8: 2.38 | K8: 0.35 | L8: 0 | M8: 0 | N8: 54
A9: 60 | B9: אבי בנג'ו | C9: 15 | D9: 22 | E9: 3 | F9: 0 | G9: 0 | H9: 135.11 | I9: 125 | J9: 10.11 | K9: 0 | L9: 0 | M9: 0 | N9: 60
A10: 62 | B10: לוי דור | C10: 3 | D10: 22 | E10: 5 | F10: 0 | G10: 15 | H10: 25.75 | I10: 24.2 | J10: 1.55 | K10: 0 | L10: 8.4 | M10: 0 | N10: 62
A11: 64 | B11: צחי חנגל | C11: 12 | D11: 21.5 | E11: 0 | F11: 2 | G11: 1 | H11: 104.36 | I11: 99.8 | J11: 4.56 | K11: 0 | L11: 0 | M11: 0 | N11: 64
A12: 65 | B12: שלמה לסנר | C12: 18 | D12: 22 | E12: 0.5 | F12: 0 | G12: 0 | H12: 181.98 | I12: 144.46 | J12: 27.83 | K12: 9.68 | L12: 0 | M12: 0.01 | N12: 65
A13: 66 | B13: מיכאל רפאל | C13: 17 | D13: 22 | E13: 0 | F13: 0 | G13: 0 | H13: 140.53 | I13: 129.6 | J13: 10.93 | K13: 0 | L13: 0 | M13: 0 | N13: 66
A14: 75 | B14: אייל מלח | C14: 11 | D14: 22 | E14: 0 | F14: 0 | G14: 30 | H14: 97.2 | I14: 92.4 | J14: 4.8 | K14: 0 | L14: 92.4 | M14: 0 | N14: 75
A15: 76 | B15: מנפרד מרקוביץ' | C15: 8 | D15: 22 | E15: 0 | F15: 0 | G15: 23 | H15: 78.48 | I15: 64.58 | J15: 12.41 | K15: 1.48 | L15: 33.6 | M15: 0.01 | N15: 76
... A43: 126 | B43: מיכאל קייטלין | C43: 9 | D43: 10 | E43: 3 | F43: 0 | G43: 0 | H43: 85.98 | I43: 68.13 | J43: 10.31 | K43: 7.53 | L43: 0 | M43: 0.01 | N43: 126
A44: 127 | B44: שרון זמן | C44: 4 | D44: 4 | E44: 3.5 | F44: 0 | G44: 0 | H44: 36.31 | I44: 33.48 | J44: 2.6 | K44: 0.23 | L44: 0 | M44: 0 | N44: קבלן
A45: קבלן | B45: אמיר אורון | C45: 11 | D45: 22 | E45: 1 | F45: 0 | G45: 0 | H45: 69.71 | I45: 69.65 | J45: 0.06 | K45: 0 | L45: 0 | M45: 0 | N45: קבלן
A46: קבלן | B46: דוד וורטמן | C46: 5 | D46: 22 | E46: 3.5 | F46: 0 | G46: 0 | H46: 42.21 | I46: 41.78 | J46: 0.43 | K46: 0 | L46: 0 | M46: 0 | N46: קבלן
B47: סה"כ | C47: =SUM(C4:C46) -> 492 | D47: =SUM(D4:D46) -> 889 | E47: =SUM(E4:E46) -> 79 | F47: =SUM(F4:F46) -> 11 | G47: =SUM(G4:G46) -> 224 | H47: =SUM(H4:H46) -> 4154.38 | I47: =SUM(I4:I46) -> 3796.11 | J47: =SUM(J4:J46) -> 299.45 | ... M47: =SUM(M4:M46) -> 0.17
B49: • שעות עבודה במילואים = שעות 100% בימים שמסומנים כמילואים אך כוללים גם כניסה+יציאה. תאים בצהוב = יש שעות עבודה במילואים.

Sheet 6.חופשה מנוצלת_OLD
A1: 6. חופשה לחיוב - חופש קיים + חופש בע.חג/חוה"מ
A2: שם עובד | B2: חופש קיים | C2: חופש בע.חג | D2: חופש בחוה"מ | E2: חופשה לחיוב | F2: פירוט
A3: אורי אשתר | B3: 0 | C3: 1.5 | D3: 2 | E3: =B3+C3+D3 -> 3.5 | F3: ד - 01: ע.חג -0.5; א - 05: חוה"מ -1; ב - 06: חוה"מ -1; ג - 07: ע.חג -0.5; ג - 21: ע.חג -0.5
A4: אורי דוד עברי | B4: 1 | C4: 1 | D4: 0 | E4: =B4+C4+D4 -> 2 | F4: ד - 01: ע.חג -0.5; ג - 21: ע.חג -0.5
A5: איתי קעטבי | B5: 0 | C5: 1.5 | D5: 2 | E5: =B5+C5+D5 -> 3.5 | F5: ד - 01: ע.חג -0.5; א - 05: חוה"מ -1; ב - 06: חוה"מ -1; ג - 07: ע.חג -0.5; ג - 21: ע.חג -0.5
A6: אפרים רחמנוב | B6: 2 | C6: 1.5 | D6: 0 | E6: =B6+C6+D6 -> 3.5 | F6: ד - 01: ע.חג -0.5; ג - 07: ע.חג -0.5; ג - 21: ע.חג -0.5
A7: אריאל אליה | B7: 0 | C7: 0 | D7: 0 | E7: =B7+C7+D7 -> 0 | F7: תאונת עבודה/מילואים - מכוסה
A8: בר אשטון | B8: 1 | C8: 1.5 | D8: 0 | E8: =B8+C8+D8 -> 2.5 | F8: ד - 01: ע.חג -0.5; ג - 07: ע.חג -0.5; ג - 21: ע.חג -0.5
A9: דוד אחדות | B9: 2 | C9: 1.5 | D9: 2 | E9: =B9+C9+D9 -> 5.5 | F9: ד - 01: ע.חג -0.5; א - 05: חוה"מ -1; ב - 06: חוה"מ -1; ג - 07: ע.חג -0.5; ג - 21: ע.חג -0.5
A10: דוד וורטמן | B10: 0 | C10: 1.5 | D10: 2 | E10: =B10+C10+D10 -> 3.5 | F10: ד - 01: ע.חג -0.5; א - 05: חוה"מ -1; ב - 06: חוה"מ -1; ג - 07: ע.חג -0.5; ג - 21: ע.חג -0.5
A11: דניאל בנדרימר | B11: 2 | C11: 0 | D11: 0 | E11: =B11+C11+D11 -> 2 | F11: תאונת עבודה/מילואים - מכוסה
A12: חיים ראש | B12: 2 | C12: 1.5 | D12: 1 | E12: =B12+C12+D12 -> 4.5 | F12: ד - 01: ע.חג -0.5; א - 05: חוה"מ -1; ג - 07: ע.חג -0.5; ג - 21: ע.חג -0.5
A13: לוי דביש | B13: 0 | C13: 1.5 | D13: 1 | E13: =B13+C13+D13 -> 2.5 | F13: ד - 01: ע.חג -0.5; ב - 06: חוה"מ -1; ג - 07: ע.חג -0.5; ג - 21: ע.חג -0.5
A14: נהיראל כהן | B14: 1 | C14: 1.5 | D14: 0 | E14: =B14+C14+D14 -> 2.5 | F14: ד - 01: ע.חג -0.5; ג - 07: ע.חג -0.5; ג - 21: ע.חג -0.5
... A46: מיכאל קייטלין | B46: 0 | C46: 1 | D46: 2 | E46: =B46+C46+D46 -> 3 | F46: ד - 01: ע.חג -0.5; א - 05: חוה"מ -1; ב - 06: חוה"מ -1; ג - 07: ע.חג -0.5
A47: סה"כ | B47: =SUM(B3:B46) -> 23 | C47: =SUM(C3:C46) -> 40.5 | D47: =SUM(D3:D46) -> 36 | E47: =SUM(E3:E46) -> 99.5

Sheet 4.חוסר מדומה ע.חג_OLD
A1: 4. תיקון שעות חוסר מדומות בערבי חג/חג
A2: שם עובד | B2: חוסר מקורי | C2: הפחתה מדומה | D2: סה"כ חוסר מעודכן | E2: פירוט
A3: אורי אשתר | B3: 10.58 | C3: 0.8 | D3: 9.78 | E3: 01.04: -0.40שע (ע.חג מדומה); 07.04: -0.40שע (ע.חג מדומה)
A4: אורי דוד עברי | B4: 34.98 | C4: 0.5 | D4: 34.48 | E4: 01.04: -0.50שע (ע.חג מדומה)
A5: איתי קעטבי | B5: 8.5 | C5: 1 | D5: 7.5 | E5: 01.04: -0.50שע (ע.חג מדומה); 07.04: -0.50שע (ע.חג מדומה)
A6: אפרים רחמנוב | B6: 3.5 | C6: 1.5 | D6: 2 | E6: 01.04: -0.50שע (ע.חג מדומה); 07.04: -0.50שע (ע.חג מדומה); 21.04: -0.50שע (ע.חג מדומה)
A7: אריאל אליה | B7: 120.5 | C7: 2.5 | D7: 118 | E7: 20.04: -1.50שע (ע.חג מדומה); 01.04: -0.50שע (ע.חג מדומה); 07.04: -0.50שע (ע.חג מדומה)
A8: בר אשטון | B8: 11.46 | C8: 1 | D8: 10.46 | E8: 01.04: -0.50שע (ע.חג מדומה); 07.04: -0.50שע (ע.חג מדומה)
A9: דוד אחדות | B9: 8.91 | C9: 1 | D9: 7.91 | E9: 01.04: -0.50שע (ע.חג מדומה); 07.04: -0.50שע (ע.חג מדומה)
A10: דוד וורטמן | B10: 77.01 | C10: 2.2 | D10: 74.81 | E10: 20.04: -1.40שע (ע.חג מדומה); 01.04: -0.40שע (ע.חג מדומה); 07.04: -0.40שע (ע.חג מדומה)
A11: חיים ראש | B11: 17 | C11: 1 | D11: 16 | E11: 01.04: -0.50שע (ע.חג מדומה); 07.04: -0.50שע (ע.חג מדומה)
A12: לוי דביש | B12: 41.85 | C12: 1 | D12: 40.85 | E12: 01.04: -0.50שע (ע.חג מדומה); 07.04: -0.50שע (ע.חג מדומה)
A13: נהיראל כהן | B13: 8.5 | C13: 1 | D13: 7.5 | E13: 01.04: -0.50שע (ע.חג מדומה); 07.04: -0.50שע (ע.חג מדומה)
A14: קומרוב ג'סיקה | B14: 8.6 | C14: 1 | D14: 7.6 | E14: 01.04: -0.50שע (ע.חג מדומה); 07.04: -0.50שע (ע.חג מדומה)
... A32: צחי חנגל | B32: 0.8 | C32: 0.8 | D32: 0 | E32: 01.04: -0.40שע (ע.חג מדומה); 07.04: -0.40שע (ע.חג מדומה)
A33: סה"כ | B33: =SUM(B3:B32) -> 805.63 | C33: =SUM(C3:C32) -> 38.4 | D33: =SUM(D3:D32) -> 768.67
A35: תוספת: ע.חג שעובדים עבדו בו (כל שעות החוסר מופחתות)
A36: שם עובד | B36: חוסר מקורי בערב חג | C36: הפחתה מדומה ע.חג עבד | D36: סה"כ חוסר מעודכן | E36: פירוט
A37: שלמה לסנר | B37: 2.35 | C37: 2.35 | D37: 0 | E37: ד - 01: -0.00שע; ג - 21: -2.35שע
A38: ולדה טריאקו | B38: 2.63 | C38: 2.63 | D38: 0 | E38: ג - 21: -2.63שע
A39: אמיר אורון | B39: 4.1 | C39: 4.1 | D39: 0 | E39: ג - 21: -4.10שע
A40: דוד לוי | B40: 1.52 | C40: 1.52 | D40: 0 | E40: ג - 21: -1.52שע
A41: יום טוב מוסארי | B41: 1.57 | C41: 1.57 | D41: 0 | E41: ג - 21: -1.57שע
A42: לאון שמייב | B42: 1 | C42: 1 | D42: 0 | E42: ג - 21: -1.00שע
A43: אוראל שווקי | B43: 1.6 | C43: 1.6 | D43: 0 | E43: ג - 21: -1.60שע
A44: טל ניב | B44: 1.9 | C44: 1.9 | D44: 0 | E44: ד - 01: -0.00שע; ג - 07: -0.00שע; ג - 21: -1.90שע
A45: יענקל מונטבולינסקי | B45: 1.88 | C45: 1.88 | D45: 0 | E45: ג - 21: -1.88שע
A46: מיכאל רפאל | B46: 3.4 | C46: 3.4 | D46: 0 | E46: ד - 01: -0.00שע; ג - 07: -0.00שע; ג - 21: -3.40שע
A47: מנפרד מרקוביץ' | B47: 1.62 | C47: 1.62 | D47: 0 | E47: ג - 21: -1.62שע
A48: נתן מזרחי | B48: 1.72 | C48: 1.72 | D48: 0 | E48: ג - 21: -1.72שע
A49: סה"כ | B49: =SUM(B37:B48) -> 25.29 | C49: =SUM(C37:C48) -> 25.29
